<?xml version="1.0" encoding="UTF-8"?>
<!--
 [y] hybris Platform

 Copyright (c) 2018 SAP SE or an SAP affiliate company.  All rights reserved.

 This software is the confidential and proprietary information of SAP
 ("Confidential Information"). You shall not disclose such Confidential
 Information and shall use it only in accordance with the terms of the
 license agreement you entered into with SAP.
-->
<beans xmlns="http://www.springframework.org/schema/beans"
       xmlns:xsi="http://www.w3.org/2001/XMLSchema-instance"
       xmlns:aop="http://www.springframework.org/schema/aop"
       xmlns:context="http://www.springframework.org/schema/context"
       xsi:schemaLocation="http://www.springframework.org/schema/beans
           http://www.springframework.org/schema/beans/spring-beans.xsd
           http://www.springframework.org/schema/aop
           http://www.springframework.org/schema/aop/spring-aop.xsd
           http://www.springframework.org/schema/context
           http://www.springframework.org/schema/context/spring-context.xsd">

  <context:annotation-config/>

  <aop:config proxy-target-class="true" expose-proxy="true">
    <aop:aspect id="registratonReCaptchaAspect" ref="reCaptchaAspect">
      <aop:around method="advise"
                  pointcut="execution(* bt.batelco.addon.controllers.pages..*.doRegister(..))"/>
    </aop:aspect>
    <aop:aspect id="writeReviewReCaptchaAspect" ref="reCaptchaAspect">
      <aop:around method="advise"
                  pointcut="execution(* de.hybris.platform..controllers.pages..*.postReview(..))"/>
    </aop:aspect>
    <aop:aspect id="rollOverMiniCartAspect" ref="miniCartAspect">
      <aop:around method="rolloverMiniCart"
                  pointcut="execution(* de.hybris.platform.b2ctelcoaddon.controllers.misc.MiniCartController.rolloverMiniCartPopup(..))"/>
    </aop:aspect>
  </aop:config>

  <bean name="miniCartAspect" class="bt.batelco.addon.aspect.MiniCartAspect"/>

  <!-- Expose /acceleratoraddon/web/webroot/WEB-INF/messages/base.js.properties  resource bundle as javascript variables -->
  <bean id="defaultBatelcoaddonJavaScriptMessageResourceAccessor" parent="abstractJavaScriptMessageResourceAccessor">
    <property name="addOnName" value="batelcoaddon"/>
  </bean>

  <bean id="defaultBatelcoaddonBeforeViewJsPropsHandlerAdaptee" parent="abstractBeforeViewJsPropsHandlerAdaptee"
        class="de.hybris.platform.addonsupport.interceptors.ExportJsPropertiesBeforeViewHandler">
    <property name="messageSource" ref="defaultBatelcoaddonJavaScriptMessageResourceAccessor"/>
  </bean>

  <bean id="getBatelcoaddonBeforeViewHandler" parent="beforeViewHandlerAdapter">
    <property name="adaptee">
      <ref bean="defaultBatelcoaddonBeforeViewJsPropsHandlerAdaptee"/>
    </property>
  </bean>
  <bean id="BatelcoaddonBeforeViewHandlerListMergeDirective" depends-on="beforeViewHandlersList"
        parent="listMergeDirective">
    <property name="add" ref="getBatelcoaddonBeforeViewHandler"/>
  </bean>

  <bean id="multipartResolver" class="org.springframework.web.multipart.commons.CommonsMultipartResolver">
    <property name="maxUploadSize" value="${batelcoaddon.multipartresolver.upload.maxsize}"/>
    <property name="maxInMemorySize" value="${batelcoaddon.multipartresolver.memory.maxsize}"/>
  </bean>

  <!--	Mappings for override beans-->
  <bean name="addressValidator" class="bt.batelco.addon.forms.validation.BatelcoAddressValidator"/>
  <bean name="batelcoRegisterValidator" class="bt.batelco.addon.forms.validation.BatelcoRegisterValidator">
    <property name="batelcoCountryFacade" ref="batelcoCountryFacade"/>
  </bean>
  <bean name="batelcoProfileValidator" class="bt.batelco.addon.forms.validation.BatelcoProfileValidator"/>

  <bean name="batelcoRegisterDataPopulator" class="bt.batelco.addon.populator.BatelcoRegisterDataPopulator"/>

  <alias name="batelcoRegisterDataConverter" alias="registerDataConverter"/>
  <bean id="batelcoRegisterDataConverter" parent="abstractPopulatingConverter">
    <property name="targetClass" value="de.hybris.platform.commercefacades.user.data.RegisterData"/>
    <property name="populators">
      <list>
        <ref bean="batelcoRegisterDataPopulator"/>
      </list>
    </property>
  </bean>

<!--	Mappings for override controllers-->
	<bean name="cartPageController" class="bt.batelco.addon.controllers.pages.cart.CartPageController"/>
	<bean name="deliveryAddressCheckoutStepController" class="bt.batelco.addon.controllers.pages.checkout.steps.DeliveryAddressCheckoutStepController"/>
	<bean name="deliveryMethodCheckoutStepController" class="bt.batelco.addon.controllers.pages.checkout.steps.DeliveryMethodCheckoutStepController"/>
	<bean name="loginPageController" class="bt.batelco.addon.controllers.pages.BatelcoLoginPageController"/>
	<bean name="checkoutLoginController" class="bt.batelco.addon.controllers.pages.BatelcoCheckoutLoginController"/>
  <bean name="accountPageController" class="bt.batelco.addon.controllers.pages.AccountPageController"/>
  <bean name="productPageController" class="bt.batelco.addon.controllers.pages.BatelcoProductPageController"/>
  <bean name="acquisitionPageController" class="bt.batelco.addon.controllers.pages.AcquisitionPageController"/>

  <bean id="defaultSummaryCheckoutValidator"
        class="bt.batelco.addon.checkout.steps.validation.impl.DefaultBatelcoSummaryCheckoutStepValidator"
        parent="abstractCheckoutStepValidator" />

  <bean name="paymentMethodCheckoutStepController"
        class="bt.batelco.addon.controllers.pages.checkout.steps.PaymentMethodCheckoutStepController"/>

  <bean name="summaryCheckoutStepController"
        class="bt.batelco.addon.controllers.pages.checkout.steps.SummaryCheckoutStepController"/>

	<bean name="addToCartController" class="bt.batelco.addon.controllers.AddToCartController"/>

	<bean id="batelcoProductVariantSelectorRenderer"
				class="bt.batelco.addon.component.renderer.ProductVariantSelectorComponentRenderer"
				parent="addOnJspIncludeCMSComponentRenderer">
	</bean>

	<bean id="productVariantSelectorRendererMapping" parent="addonCmsComponentRendererMapping">
		<property name="typeCode" value="ProductVariantSelectorComponent"/>
		<property name="renderer" ref="batelcoProductVariantSelectorRenderer"/>
	</bean>

  <bean id="batelcoMiniCartComponentRenderer" class="bt.batelco.addon.component.renderer.BatelcoMiniCartComponentRenderer" parent="miniCartComponentRenderer" />
  <bean id="miniCartComponentRendererMapping" parent="addonCmsComponentRendererMapping">
    <property name="typeCode" value="MiniCartComponent" />
    <property name="renderer" ref="batelcoMiniCartComponentRenderer" />
  </bean>

  <bean id="batelcoSearchBoxComponentRenderer" class="bt.batelco.addon.component.renderer.BatelcoSearchBoxComponentRenderer" parent="searchBoxComponentRenderer" />
  <bean id="searchBoxComponentRendererMapping" parent="addonCmsComponentRendererMapping">
    <property name="typeCode" value="SearchBoxComponent" />
    <property name="renderer" ref="batelcoSearchBoxComponentRenderer" />
  </bean>

  <alias name="batelcoProductBreadcrumbBuilder" alias="productOfferingBreadcrumbBuilder"/>
  <bean id="batelcoProductBreadcrumbBuilder"
        class="bt.batelco.addon.breadcrumb.impl.BatelcoProductBreadcrumbBuilder"
        parent="defaultProductOfferingBreadcrumbBuilder">
  </bean>

  <bean id="fileProcessor" class="bt.batelco.addon.controllers.FileProcessor"/>

</beans>
