<?xml version="1.0" encoding="UTF-8"?>
<!--
 [y] hybris Platform

 Copyright (c) 2018 SAP SE or an SAP affiliate company.  All rights reserved.

 This software is the confidential and proprietary information of SAP
 ("Confidential Information"). You shall not disclose such Confidential
 Information and shall use it only in accordance with the terms of the
 license agreement you entered into with SAP.
-->
<!-- 
  WARNING: This is the Spring WEB configuration file. If you want to replace
  items or managers you have to do this from the extensions core configuration 
  file (batelcocockpit/resources/batelcocockpit-spring.xml) 
  -->

<beans xmlns="http://www.springframework.org/schema/beans" xmlns:xsi="http://www.w3.org/2001/XMLSchema-instance" xmlns:aop="http://www.springframework.org/schema/aop"
	xsi:schemaLocation="http://www.springframework.org/schema/beans 
						http://www.springframework.org/schema/beans/spring-beans.xsd 
						http://www.springframework.org/schema/aop 
						http://www.springframework.org/schema/aop/spring-aop.xsd"
	default-autowire="byName">
	
	<!-- 
		UICockpitSession represents session in an cockpit application. It manages e.g. the available cockpit perspectives.
	 -->
	<bean id="UICockpitSession" class="de.hybris.platform.cockpit.session.impl.UISessionImpl" scope="session">
		<property name="initialSessionListeners">
			<list></list>
		</property>
		<property name="availablePerspectives">
			<list>
				<ref bean="BatelcocockpitPerspective"/>
			</list>
		</property>
		<property name="usingTestIDs" value="false" />
		<property name="dragOverPerspectivesEnabled" value="true" />
		<property name="cachePerspectivesEnabled" value="true" />
		<property name="sendEventsImmediately" value="false" />
		<property name="requestHandler" ref="RequestHandler" />
	</bean>
	
	<bean id="themeConfig" class="de.hybris.platform.cockpit.util.CockpitThemeConfig" scope="singleton">
		<property name="keepZKCss" value="false" />
		<property name="uris">
			<list>
				<value>/cockpit/css/zk_essential.css</value>
				<value>/cockpit/css/zk_recommended.css</value>
				<!-- <value>/cockpit/css/zk_additional.css</value> -->

				<value>/cockpit/css/cockpit_essential.css</value>
				<value>/cockpit/css/cockpit_comments.css</value>
				<value>/cockpit/css/cockpit_compare.css</value>
				<value>/cockpit/css/cockpit_login.css</value>
				<value>/cockpit/css/cockpit_navsections.css</value>
				<value>/cockpit/css/cockpit_refeditor.css</value>
				<value>/cockpit/css/cockpit_sectionbrowser.css</value>
				<value>/cockpit/css/cockpit_widgets.css</value>
				<value>/cockpit/css/cockpit_wizard.css</value>
				<value>/cockpit/css/cockpit_workflow.css</value>
				<value>/cockpit/css/cockpit_fileupload.css</value>

				<value>/batelcocockpit/css/batelcocockpit.css</value>
			</list>
		</property>
		<property name="ieCssUris">
			<list>
				<value>/cockpit/css/cockpit_essential_ie.css</value>
			</list>
		</property>
	</bean>

	<!-- 
		Batelcocockpit perspective.
	 -->
	<bean id="BatelcocockpitPerspective" scope="session" parent="BasePerspective">
		<property name="uid" value="batelcocockpit.perspective.batelcocockpit" />  <!-- unique ID of the perspective -->
		<property name="label" value="perspective.batelcocockpit" />  <!-- localization key for the label of the perspective -->
		<property name="customCsaURI" value="/batelcocockpit/batelcocockpitCSA.zul" />  <!-- file with optional custom client side actions -->

		<property name="navigationArea">
			<ref bean="BatelcocockpitNavigationArea" />
		</property>
		<property name="browserArea">
			<bean class="batelcocockpit.session.impl.BatelcocockpitBrowserArea">
				<property name="rootSearchTypeCode" value="Product"/>
				<property name="viewURI" value="/cockpit/baseSearchBrowserArea.zul"/>
			</bean>
		</property>
		<property name="editorArea">
			<bean id="BatelcocockpitEditorAreaModel" parent="BaseEditorAreaModel">
			<property name="editorAreaController">
					<ref bean="BatelcocockpitEditorAreaController"/>
				</property>
			</bean>	
		</property>
		<property name="popupEditorArea">		
			<bean id="BatelcocockpitPopupEditor" parent="BasePopupEditor">
				<property name="editorAreaController">
					<ref bean="BatelcocockpitPopupEditorAreaController"/>
				</property>
			</bean>
		</property>
		<property name="cockpitTypeService" ref="cockpitTypeService"/>		
	</bean>
	
	<bean id="BatelcocockpitNavigationArea" class="batelcocockpit.session.impl.BatelcocockpitNavigationArea" scope="session" parent="BaseNavigationArea">
		<property name="sectionModel">
			<ref bean="BatelcocockpitNavigationAreaModel"/>	
		</property>		
		<property name="infoSlotRenderer">
			<bean class="de.hybris.platform.cockpit.components.navigationarea.renderer.InfoBoxRenderer"/>
		</property>
		<property name="sections">
			<list>
				<ref bean="BatelcocockpitUndoSection" />
			</list>
		</property>
		<property name="cockpitTypeService" ref="cockpitTypeService"/>
	</bean>
	
	<bean id="BatelcocockpitNavigationAreaModel" class="batelcocockpit.components.navigationarea.BatelcocockpitNavigationAreaModel" scope="session">
		<property name="specialCollectionTypes">
			<list>
				<value>blacklist</value>
				<value>quickcollection</value>
			</list>
		</property>						
	</bean>
	
	<bean id="BatelcocockpitUndoSection" class="de.hybris.platform.cockpit.components.navigationarea.NavigationPanelSection" scope="prototype">
		<property name="localizedLabel" value="navigationarea.history" />
		<property name="visible" value="true" />
		<property name="renderer">
			<bean class="de.hybris.platform.cockpit.components.navigationarea.renderer.UndoSectionRenderer" />
		</property>
	</bean>
	
	<bean id="BatelcocockpitEditorAreaController" class="de.hybris.platform.cockpit.session.impl.DefaultEditorAreaController" scope="session">
		<property name="sectionRowRenderer">
			<bean id="BatelcocockpitEditorSectionRowRenderer" parent="EditorSectionRowRenderer"/>
		</property>
		<property name="editorFactory">
			<ref bean="EditorFactory"/>
		</property>
	</bean>
	
	<bean id="BatelcocockpitPopupEditorAreaController" class="batelcocockpit.session.impl.BatelcocockpitPopupEditorAreaControllerImpl" scope="prototype">
		<property name="sectionRowRenderer">
			<bean id="BatelcocockpitPopupEditorSectionRowRenderer" parent="EditorSectionRowRenderer"/>
		</property>
		<property name="editorFactory">
			<ref bean="EditorFactory"/>
		</property>
	</bean>
	
	<bean id="RequestHandler" class="de.hybris.platform.cockpit.session.impl.DefaultRequestHandler" scope="session">
		<property name="requestEventHandlers">
			<map>
				<entry key="activation">
					<bean class="de.hybris.platform.cockpit.session.impl.ActivationEventHandler">
						<property name="prefix" value="act" />
					</bean>
				</entry>
				<entry key="search">
					<bean class="de.hybris.platform.cockpit.session.impl.SearchEventHandler">
						<property name="prefix" value="srch" />
					</bean>
				</entry>
				<entry key="celum">
					<bean class="de.hybris.platform.cockpit.session.impl.CelumEventHandler" />
				</entry>
				<entry key="msg">
					<bean class="de.hybris.platform.cockpit.session.impl.NotificationEventHandler">
						<property name="prefix" value="msg" />
					</bean>
				</entry>
			</map>
		</property>
	</bean>
	
	<!-- filter -->	
	<bean id="yCockpitFilterChain" class="de.hybris.platform.servicelayer.web.BackOfficeFilterChain">
		<constructor-arg>
			<list>
				<ref bean="log4jFilter"/>
				<ref bean="dynamicTenantActivationFilter"/>				
				<ref bean="sessionFilter"/>
				<ref bean="yCockpitDataSourceSwitchingFilter"/>
				<ref bean="yCockpitCatalogVersionActivationFilter"/>
            	<ref bean="yCockpitAppMediaFilter"/>
			</list>
		</constructor-arg>
	</bean>
	

	<bean id="yCockpitDataSourceSwitchingFilter" class="de.hybris.platform.servicelayer.web.DataSourceSwitchingFilter">
	</bean>
	
	 <bean id="yCockpitCatalogVersionActivationFilter" class="de.hybris.platform.servicelayer.web.DynamicCatalogVersionActivationFilter" scope="tenant">
		<property name="catalogVersionService" ref="catalogVersionService"/>
		<property name="catalogService" ref="catalogService"/>
		<aop:scoped-proxy/>
	</bean>

	<bean id="yCockpitAppMediaFilter" class="de.hybris.platform.servicelayer.web.WebAppMediaFilter">
		<property name="mediaPermissionService" ref="mediaPermissionService"/>
		<property name="modelService" ref="modelService"/>
		<property name="userService" ref="userService"/>
		<property name="mediaService" ref="mediaService"/>
		<property name="addContextPath" value="true"/>
	</bean>
	
</beans>
	