<?xml version="1.0" encoding="UTF-8"?>
<!--
 [y] hybris Platform

 Copyright (c) 2018 SAP SE or an SAP affiliate company.  All rights reserved.

 This software is the confidential and proprietary information of SAP
 ("Confidential Information"). You shall not disclose such Confidential
 Information and shall use it only in accordance with the terms of the
 license agreement you entered into with SAP.
-->
<beans xmlns="http://www.springframework.org/schema/beans"
       xmlns:xsi="http://www.w3.org/2001/XMLSchema-instance"
       xmlns:context="http://www.springframework.org/schema/context"
       xmlns:util="http://www.springframework.org/schema/util"
       xsi:schemaLocation="http://www.springframework.org/schema/beans
       http://www.springframework.org/schema/beans/spring-beans.xsd
       http://www.springframework.org/schema/context
           http://www.springframework.org/schema/context/spring-context.xsd http://www.springframework.org/schema/util http://www.springframework.org/schema/util/spring-util.xsd">

  <context:annotation-config/>

  <!-- Spring Integration -->
  <import resource="classpath:/batelcocore/integration/hot-folder-store-electronics-spring.xml"/>
  <import resource="classpath:/batelcocore/integration/hot-folder-store-apparel-spring.xml"/>
  <import resource="classpath:/batelcocore/integration/hot-folder-common-spring.xml"/>

  <!-- SystemSetup for the BatelcoCore -->
  <bean id="acceleratorCoreSystemSetup" class="bt.batelco.core.setup.CoreSystemSetup"
        parent="abstractCoreSystemSetup"/>

  <!-- Solr field value providers -->

  <bean id="volumeAwareProductPriceValueProvider"
        class="bt.batelco.core.search.solrfacetsearch.provider.impl.VolumeAwareProductPriceValueProvider"
        parent="abstractPropertyFieldValueProvider">
    <property name="fieldNameProvider" ref="solrFieldNameProvider"/>
    <property name="priceService" ref="priceService"/>
    <property name="commonI18NService" ref="commonI18NService"/>
    <property name="sessionService" ref="sessionService"/>
    <property name="userService" ref="userService"/>
    <property name="priceComparator" ref="volumePriceComparator"/>
    <property name="catalogVersionService" ref="catalogVersionService"/>
  </bean>

  <bean id="volumePriceComparator" class="bt.batelco.core.comparators.VolumeAwarePriceInformationComparator"
        scope="singleton"/>

  <bean id="productVolumePricesProvider"
        class="bt.batelco.core.search.solrfacetsearch.provider.impl.ProductVolumePricesProvider"
        parent="abstractPropertyFieldValueProvider">
    <property name="fieldNameProvider" ref="solrFieldNameProvider"/>
    <property name="priceService" ref="priceService"/>
  </bean>

	<!-- Order Update API Service -->
     <alias name="batelcoOrderUpdateService" alias="batelcoOrderUpdateService"/>
  <bean id="batelcoOrderUpdateService" class="bt.batelco.core.order.service.impl.DefaultBatelcoOrderUpdateService">
 <property name="flexibleSearchService" ref="flexibleSearchService"/>
 <property name="modelService" ref="modelService"/>
 <property name="eventService" ref="eventService"/>
  </bean>
  
  <bean id="abstractCategoryCodeValueProvider" abstract="true"
        class="de.hybris.platform.commerceservices.search.solrfacetsearch.provider.impl.CategoryCodeValueProvider"
        parent="abstractPropertyFieldValueProvider">
    <property name="fieldNameProvider" ref="solrFieldNameProvider"/>
    <property name="commonI18NService" ref="commonI18NService"/>
  </bean>
  <bean id="abstractCategoryNameValueProvider" abstract="true"
        class="de.hybris.platform.commerceservices.search.solrfacetsearch.provider.impl.CategoryNameValueProvider"
        parent="abstractPropertyFieldValueProvider">
    <property name="fieldNameProvider" ref="solrFieldNameProvider"/>
    <property name="commonI18NService" ref="commonI18NService"/>
  </bean>


  <bean id="image515ValueProvider" parent="abstractImageValueProvider">
    <property name="mediaFormat" value="515Wx515H"/>
  </bean>
  <bean id="image300ValueProvider" parent="abstractImageValueProvider">
    <property name="mediaFormat" value="300Wx300H"/>
  </bean>
  <bean id="image96ValueProvider" parent="abstractImageValueProvider">
    <property name="mediaFormat" value="96Wx96H"/>
  </bean>
  <bean id="image65ValueProvider" parent="abstractImageValueProvider">
    <property name="mediaFormat" value="65Wx65H"/>
  </bean>
  <bean id="image30ValueProvider" parent="abstractImageValueProvider">
    <property name="mediaFormat" value="30Wx30H"/>
  </bean>

  <bean id="productUrlValueProvider"
        class="de.hybris.platform.commerceservices.search.solrfacetsearch.provider.impl.ProductUrlValueProvider"
        parent="abstractPropertyFieldValueProvider">
    <property name="urlResolver" ref="productModelUrlResolver"/>
    <property name="fieldNameProvider" ref="solrFieldNameProvider"/>
    <property name="i18nService" ref="i18nService"/>
    <property name="commonI18NService" ref="commonI18NService"/>
  </bean>

  <bean id="promotionCodeValueProvider"
        class="de.hybris.platform.commerceservices.search.solrfacetsearch.provider.impl.PromotionCodeValueProvider"
        parent="abstractPropertyFieldValueProvider">
    <property name="promotionsService" ref="promotionsService"/>
    <property name="fieldNameProvider" ref="solrFieldNameProvider"/>
  </bean>

  <bean id="promotionImageValueProvider"
        class="de.hybris.platform.commerceservices.search.solrfacetsearch.provider.impl.PrimaryPromotionImageValueProvider"
        parent="abstractPropertyFieldValueProvider">
    <property name="promotionsService" ref="promotionsService"/>
    <property name="fieldNameProvider" ref="solrFieldNameProvider"/>
  </bean>

  <bean id="colorFacetDisplayNameProvider"
        class="bt.batelco.core.search.solrfacetsearch.provider.impl.ColorFacetDisplayNameProvider"
  >
    <property name="enumerationService" ref="enumerationService"/>
    <property name="i18nService" ref="i18nService"/>
    <property name="commonI18NService" ref="commonI18NService"/>
  </bean>

  <bean id="customProductReviewAverageRatingValueProvider"
        class="bt.batelco.core.search.solrfacetsearch.provider.impl.CustomProductReviewAverageRatingValueProvider"
        parent="sppReviewAvgProvider"/>

  <bean id="customCategoryCodeValueResolver"
        class="bt.batelco.core.search.solrfacetsearch.resolver.impl.CustomCategoryCodeValueResolver">
    <property name="spoSource" ref="tmaSpoSource"/>
    <property name="categoryService" ref="categoryService"/>
  </bean>

  <!--
    Event listeners are singletons, therefore the dependency for a bean in tenant-scope
    must be configured with a lookup method.
  -->
  <bean id="orderCancelledEventListener"
        class="bt.batelco.core.event.OrderCancelledEventListener" parent="abstractAcceleratorSiteEventListener">
    <property name="modelService" ref="modelService"/>
    <property name="businessProcessService" ref="businessProcessService"/>
  </bean>
  <bean id="orderRefundEventListener"
        class="bt.batelco.core.event.OrderRefundEventListener" parent="abstractAcceleratorSiteEventListener">
    <property name="modelService" ref="modelService"/>
    <property name="businessProcessService" ref="businessProcessService"/>
  </bean>
  <bean id="customerRegistrationEventListener"
        class="bt.batelco.core.event.RegistrationEventListener" parent="abstractAcceleratorSiteEventListener">
    <property name="modelService" ref="modelService"/>
    <property name="businessProcessService" ref="businessProcessService"/>
  </bean>
  <bean id="forgottenPasswordEventListener"
        class="bt.batelco.core.event.ForgottenPasswordEventListener" parent="abstractAcceleratorSiteEventListener">
    <property name="modelService" ref="modelService"/>
    <property name="businessProcessService" ref="businessProcessService"/>
  </bean>
  <bean id="submitOrderEventListener" class="bt.batelco.core.event.SubmitOrderEventListener"
        parent="abstractAcceleratorSiteEventListener">
    <property name="businessProcessService" ref="businessProcessService"/>
    <property name="modelService" ref="modelService"/>
    <property name="baseStoreService" ref="baseStoreService"/>
  </bean>
  <bean id="orderConfirmationEventListener"
        class="bt.batelco.core.event.OrderConfirmationEventListener" parent="abstractAcceleratorSiteEventListener">
    <property name="modelService" ref="modelService"/>
    <property name="businessProcessService" ref="businessProcessService"/>
  </bean>
  <bean id="orderStatusChangedEventListener"
        class="bt.batelco.core.event.OrderStatusChangedEventListener" parent="abstractAcceleratorSiteEventListener">
    <property name="modelService" ref="modelService"/>
    <property name="businessProcessService" ref="businessProcessService"/>
    <property name="dynamicLocalizationService" ref="dynamicLocalizationService"/>
    <property name="i18NService" ref="i18NService"/>
  </bean>
     <bean id="orderStatusUpdateEventListener"
        class="bt.batelco.core.event.OrderStatusUpdateEventListener" parent="abstractEventListener">
    <property name="modelService" ref="modelService"/>
    <property name="businessProcessService" ref="businessProcessService"/>
    <property name="i18NService" ref="i18NService"/>
  </bean>
  
  <bean id="sendDeliveryMessageEventListener"
        class="bt.batelco.core.event.SendDeliveryMessageEventListener" parent="abstractAcceleratorSiteEventListener">
    <property name="modelService" ref="modelService"/>
    <property name="businessProcessService" ref="businessProcessService"/>
  </bean>
  <bean id="sendReadyForPickupMessageEventListener"
        class="bt.batelco.core.event.SendReadyForPickupMessageEventListener"
        parent="abstractAcceleratorSiteEventListener">
    <property name="modelService" ref="modelService"/>
    <property name="businessProcessService" ref="businessProcessService"/>
  </bean>
  <bean id="sendOrderPartiallyCanceledMessageEventListener"
        class="bt.batelco.core.event.SendOrderPartiallyCanceledMessageEventListener"
        parent="abstractAcceleratorSiteEventListener">
    <property name="modelService" ref="modelService"/>
    <property name="businessProcessService" ref="businessProcessService"/>
  </bean>
  <bean id="sendOrderPartiallyRefundedMessageEventListener"
        class="bt.batelco.core.event.SendOrderPartiallyRefundedMessageEventListener"
        parent="abstractAcceleratorSiteEventListener">
    <property name="modelService" ref="modelService"/>
    <property name="businessProcessService" ref="businessProcessService"/>
  </bean>
  <bean id="sendNotPickedUpConsignmentCanceledMessageEventListener"
        class="bt.batelco.core.event.SendNotPickedUpConsignmentCanceledMessageEventListener"
        parent="abstractAcceleratorSiteEventListener">
    <property name="modelService" ref="modelService"/>
    <property name="businessProcessService" ref="businessProcessService"/>
  </bean>
  <bean id="orderCompletedEventListener" class="bt.batelco.core.event.OrderCompletedEventListener"
        parent="abstractAcceleratorSiteEventListener">
    <property name="modelService" ref="modelService"/>
    <property name="businessProcessService" ref="businessProcessService"/>
  </bean>

  <!-- Process resources definition -->

  <bean id="customerRegistrationEmailProcessDefinitionResource"
        class="de.hybris.platform.processengine.definition.ProcessDefinitionResource">
    <property name="resource" value="classpath:/batelcocore/processes/customerRegistrationEmailProcess.xml"/>
  </bean>
  <bean id="forgottenPasswordEmailProcessDefinitionResource"
        class="de.hybris.platform.processengine.definition.ProcessDefinitionResource">
    <property name="resource" value="classpath:/batelcocore/processes/forgottenPasswordEmailProcess.xml"/>
  </bean>
  <bean id="orderConfirmationEmailProcessDefinitionResource"
        class="de.hybris.platform.processengine.definition.ProcessDefinitionResource">
    <property name="resource" value="classpath:/batelcocore/processes/orderConfirmationEmailProcess.xml"/>
  </bean>
  <bean id="orderStatusChangedEmailProcessDefinitionResource"
        class="de.hybris.platform.processengine.definition.ProcessDefinitionResource">
    <property name="resource" value="classpath:/batelcocore/processes/orderStatusChangedEmailProcess.xml"/>
  </bean>
  <bean id="sendDeliveryEmailProcessDefinitionResource"
        class="de.hybris.platform.processengine.definition.ProcessDefinitionResource">
    <property name="resource" value="classpath:/batelcocore/processes/sendDeliveryEmailProcess.xml"/>
  </bean>
  <bean id="sendReadyForPickupEmailProcessDefinitionResource"
        class="de.hybris.platform.processengine.definition.ProcessDefinitionResource">
    <property name="resource" value="classpath:/batelcocore/processes/sendReadyForPickupEmailProcess.xml"/>
  </bean>
  <bean id="sendOrderCancelledEmailProcessDefinitionResource"
        class="de.hybris.platform.processengine.definition.ProcessDefinitionResource">
    <property name="resource" value="classpath:/batelcocore/processes/sendOrderCancelledEmailProcess.xml"/>
  </bean>
  <bean id="sendOrderRefundEmailProcessDefinitionResource"
        class="de.hybris.platform.processengine.definition.ProcessDefinitionResource">
    <property name="resource" value="classpath:/batelcocore/processes/sendOrderRefundEmailProcess.xml"/>
  </bean>
  <bean id="sendOrderPartiallyCanceledEmailProcessDefinitionResource"
        class="de.hybris.platform.processengine.definition.ProcessDefinitionResource">
    <property name="resource" value="classpath:/batelcocore/processes/sendOrderPartiallyCanceledEmailProcess.xml"/>
  </bean>
  <bean id="sendOrderPartiallyRefundedEmailProcessDefinitionResource"
        class="de.hybris.platform.processengine.definition.ProcessDefinitionResource">
    <property name="resource" value="classpath:/batelcocore/processes/sendOrderPartiallyRefundedEmailProcess.xml"/>
  </bean>
  <bean id="sendNotPickedUpConsignmentCanceledEmailProcessDefinitionResource"
        class="de.hybris.platform.processengine.definition.ProcessDefinitionResource">
    <property name="resource"
              value="classpath:/batelcocore/processes/sendNotPickedUpConsignmentCanceledEmailProcess.xml"/>
  </bean>

  <!-- Actions -->
  <bean id="abstractAction" class="de.hybris.platform.processengine.action.AbstractAction"
        abstract="true">
    <property name="modelService" ref="modelService"/>
    <property name="processParameterHelper" ref="processParameterHelper"/>
  </bean>

  <bean id="sendEmail" class="de.hybris.platform.acceleratorservices.process.email.actions.SendEmailAction"
        parent="abstractAction">
    <property name="emailService" ref="emailService"/>
  </bean>

  <bean id="abstractGenerateEmailAction"
        class="de.hybris.platform.acceleratorservices.process.email.actions.GenerateEmailAction"
        parent="abstractAction" abstract="true">
    <property name="modelService" ref="modelService"/>
    <property name="cmsEmailPageService" ref="cmsEmailPageService"/>
    <property name="contextResolutionStrategy" ref="processContextResolutionStrategy"/>
    <property name="emailGenerationService" ref="emailGenerationService"/>
  </bean>

  <bean id="generateCustomerRegistrationEmail" parent="abstractGenerateEmailAction">
    <property name="frontendTemplateName" value="CustomerRegistrationEmailTemplate"/>
  </bean>

  <bean id="generateForgottenPasswordEmail" parent="abstractGenerateEmailAction">
    <property name="frontendTemplateName" value="ForgottenPasswordEmailTemplate"/>
  </bean>

  <bean id="generateOrderConfirmationEmail" parent="abstractGenerateEmailAction">
    <property name="frontendTemplateName" value="OrderConfirmationEmailTemplate"/>
  </bean>

  <bean id="generateOrderStatusChangedEmail" parent="abstractGenerateEmailAction">
    <property name="frontendTemplateName" value="OrderStatusChangedEmailTemplate"/>
  </bean>

 <bean id="generateuserOrderUpdateNotificationEmail" parent="abstractGenerateEmailAction">
    <property name="frontendTemplateName" value="OrderUpdateNotificationEmailTemplate"/>
  </bean>
  
  
  <bean id="generateDeliverySentEmail" parent="abstractGenerateEmailAction">
    <property name="frontendTemplateName" value="DeliverySentEmailTemplate"/>
  </bean>

  <bean id="generateReadyForPickupEmail" parent="abstractGenerateEmailAction">
    <property name="frontendTemplateName" value="ReadyForPickupEmailTemplate"/>
  </bean>

  <bean id="generateOrderCancelledEmail" parent="abstractGenerateEmailAction">
    <property name="frontendTemplateName" value="OrderCancelledEmailTemplate"/>
  </bean>

  <bean id="generateOrderRefundEmail" parent="abstractGenerateEmailAction">
    <property name="frontendTemplateName" value="OrderRefundEmailTemplate"/>
  </bean>

  <bean id="generateOrderPartiallyCanceledEmail" parent="abstractGenerateEmailAction">
    <property name="frontendTemplateName" value="OrderPartiallyCanceledEmailTemplate"/>
  </bean>
  <bean id="generateOrderPartiallyRefundedEmail" parent="abstractGenerateEmailAction">
    <property name="frontendTemplateName" value="OrderPartiallyRefundedEmailTemplate"/>
  </bean>
  <bean id="generateNotPickedUpConsignmentCanceledEmail" parent="abstractGenerateEmailAction">
    <property name="frontendTemplateName" value="NotPickedUpConsignmentCanceledEmailTemplate"/>
  </bean>

  <bean id="removeSentEmail"
        class="de.hybris.platform.acceleratorservices.process.email.actions.RemoveSentEmailAction"
        parent="abstractAction">
    <property name="modelService" ref="modelService"/>
  </bean>

  <bean id="markQuoteNotificationAsSent"
        class="bt.batelco.core.actions.quote.MarkQuoteNotificationAsSentAction"
        parent="abstractAction" abstract="true">
    <property name="quoteService" ref="quoteService"/>
  </bean>

  <!-- Simple Suggestion Service -->
  <alias alias="simpleSuggestionService" name="defaultSimpleSuggestionService"/>
  <bean id="defaultSimpleSuggestionService"
        class="bt.batelco.core.suggestion.impl.DefaultSimpleSuggestionService">
    <property name="simpleSuggestionDao" ref="simpleSuggestionDao"/>
  </bean>
  <alias alias="simpleSuggestionDao" name="defaultSimpleSuggestionDao"/>
  <bean id="defaultSimpleSuggestionDao"
        class="bt.batelco.core.suggestion.dao.impl.DefaultSimpleSuggestionDao"
        parent="abstractItemDao">
    <property name="flexibleSearchService" ref="flexibleSearchService"/>
  </bean>

  <bean id="mccSiteUrlHelper" class="bt.batelco.core.util.MccSiteUrlHelper">
    <property name="siteChannelValidationStrategy" ref="siteChannelValidationStrategy"/>
    <property name="siteBaseUrlResolutionService" ref="siteBaseUrlResolutionService"/>
    <property name="cmsSiteService" ref="cmsSiteService"/>
  </bean>


  <!-- Sales quote process actions -->

  <!-- quote-->
  <bean id="quoteBuyerSubmitEventListener" class="bt.batelco.core.event.QuoteBuyerSubmitEventListener"
        parent="abstractEventListener">
    <property name="modelService" ref="modelService"/>
    <property name="businessProcessService" ref="businessProcessService"/>
  </bean>

  <bean id="quoteSalesRepSubmitEventListener" class="bt.batelco.core.event.QuoteSalesRepSubmitEventListener"
        parent="abstractEventListener">
    <property name="modelService" ref="modelService"/>
    <property name="businessProcessService" ref="businessProcessService"/>
  </bean>

  <bean id="quoteSellerApprovalSubmitEventListener" class="bt.batelco.core.event.QuoteSellerApprovalSubmitEventListener"
        parent="abstractEventListener">
    <property name="modelService" ref="modelService"/>
    <property name="businessProcessService" ref="businessProcessService"/>
  </bean>

  <bean id="quoteBuyerOrderPlacedEventListener" class="bt.batelco.core.event.QuoteBuyerOrderPlacedEventListener"
        parent="abstractEventListener">
    <property name="commerceQuoteService" ref="commerceQuoteService"/>
    <property name="modelService" ref="modelService"/>
  </bean>

  <bean id="quoteToExpireSoonEventListener" class="bt.batelco.core.event.QuoteToExpireSoonEventListener"
        parent="abstractEventListener">
    <property name="modelService" ref="modelService"/>
    <property name="businessProcessService" ref="businessProcessService"/>
  </bean>

  <bean id="quoteExpiredEventListener" class="bt.batelco.core.event.QuoteExpiredEventListener"
        parent="abstractEventListener">
    <property name="modelService" ref="modelService"/>
    <property name="businessProcessService" ref="businessProcessService"/>
  </bean>

  <bean id="quoteCancelEventListener" class="bt.batelco.core.event.QuoteCancelEventListener"
        parent="abstractEventListener">
    <property name="modelService" ref="modelService"/>
    <property name="businessProcessService" ref="businessProcessService"/>
  </bean>

  <bean id="quoteBuyerProcessDefinitionResource"
        class="de.hybris.platform.processengine.definition.ProcessDefinitionResource">
    <property name="resource" value="classpath:/batelcocore/processes/quote/quote-buyer-process.xml"/>
  </bean>

  <bean id="quoteSalesRepProcessDefinitionResource"
        class="de.hybris.platform.processengine.definition.ProcessDefinitionResource">
    <property name="resource" value="classpath:/batelcocore/processes/quote/quote-salesrep-process.xml"/>
  </bean>


  <bean id="quoteSellerApprovalProcessDefinitionResource"
        class="de.hybris.platform.processengine.definition.ProcessDefinitionResource">
    <property name="resource" value="classpath:/batelcocore/processes/quote/quote-seller-approval-process.xml"/>
  </bean>

  <bean id="quotePostCancellationProcessDefinitionResource"
        class="de.hybris.platform.processengine.definition.ProcessDefinitionResource">
    <property name="resource" value="classpath:/batelcocore/processes/quote/quote-post-cancellation-process.xml"/>
  </bean>

  <bean id="quoteToExpireSoonProcessDefinitionResource"
        class="de.hybris.platform.processengine.definition.ProcessDefinitionResource">
    <property name="resource" value="classpath:/batelcocore/processes/quote/quote-to-expire-soon-email-process.xml"/>
  </bean>

  <bean id="quoteExpiredProcessDefinitionResource"
        class="de.hybris.platform.processengine.definition.ProcessDefinitionResource">
    <property name="resource" value="classpath:/batelcocore/processes/quote/quote-expired-email-process.xml"/>
  </bean>

  <!-- Quotes email notification jobs -->
  <bean id="quoteToExpireSoonJobPerformable"
        class="bt.batelco.core.job.QuoteToExpireSoonJobPerformable"
        parent="abstractJobPerformable">
    <property name="supportedQuoteStatuses">
      <set value-type="de.hybris.platform.core.enums.QuoteState">
        <value>BUYER_OFFER</value>
      </set>
    </property>
    <property name="commerceQuoteDao" ref="commerceQuoteDao"/>
    <property name="eventService" ref="eventService"/>
    <property name="configurationService" ref="configurationService"/>
    <property name="timeService" ref="timeService"/>
  </bean>

  <bean id="quoteExpiredJobPerformable"
        class="bt.batelco.core.job.QuoteExpiredJobPerformable"
        parent="abstractJobPerformable">
    <property name="supportedQuoteStatuses">
      <set value-type="de.hybris.platform.core.enums.QuoteState">
        <value>BUYER_OFFER</value>
      </set>
    </property>
    <property name="commerceQuoteDao" ref="commerceQuoteDao"/>
    <property name="eventService" ref="eventService"/>
    <property name="timeService" ref="timeService"/>
  </bean>

  <import resource="/batelcocore/processes/quote/quote-buyer-process-spring.xml"/>
  <import resource="/batelcocore/processes/quote/quote-salesrep-process-spring.xml"/>
  <import resource="/batelcocore/processes/quote/quote-seller-approval-process-spring.xml"/>

  <import resource="/batelcocore/processes/quote/quote-to-expire-soon-email-process-spring.xml"/>
  <import resource="/batelcocore/processes/quote/quote-expired-email-process-spring.xml"/>

  <import resource="/batelcocore/processes/quote/quote-post-cancellation-process-spring.xml"/>

  <!-- Customer cleanup -->
  <alias name="defaultCustomerCleanupRelatedObjectsAction" alias="customerCleanupRelatedObjectsAction"/>
  <bean id="defaultCustomerCleanupRelatedObjectsAction"
        class="bt.batelco.core.retention.impl.DefaultCustomerCleanupRelatedObjectsAction"
        parent="abstractExtensibleRemoveCleanupAction">
    <property name="itemCleanupHooks" ref="customerCleanupHooks"/>
  </bean>

  <!-- Cleanup the customers not owning any order currently and the current date has past deactivation date+retention date. Also removes customers audit records. -->
  <alias name="defaultCustomerNotOwningOrdersRemoveCleanupAction" alias="customerNotOwningOrdersRemoveCleanupAction"/>
  <bean id="defaultCustomerNotOwningOrdersRemoveCleanupAction"
        class="de.hybris.platform.retention.impl.DefaultExtensibleRemoveCleanupAction"
        parent="abstractExtensibleRemoveCleanupAction">
    <property name="itemCleanupHooks" ref="customerCleanupHooks"/>
  </bean>

  <!-- Order cleanup -->
  <!-- Cleanup the order related objects and then remove order and its audit records. -->
  <alias name="defaultOrderRemoveCleanupAction" alias="orderRemoveCleanupAction"/>
  <bean id="defaultOrderRemoveCleanupAction"
        class="de.hybris.platform.retention.impl.DefaultExtensibleRemoveCleanupAction"
        parent="abstractExtensibleRemoveCleanupAction">
    <property name="itemCleanupHooks" ref="orderCleanupHooks"/>
  </bean>

  <!-- CsTicket Remove action -->
  <alias name="defaultCSTicketRemoveCleanupAction" alias="csTicketRemoveCleanupAction"/>
  <bean id="defaultCSTicketRemoveCleanupAction"
        class="de.hybris.platform.retention.impl.DefaultExtensibleRemoveCleanupAction"
        parent="abstractExtensibleRemoveCleanupAction">
    <property name="itemCleanupHooks" ref="csTicketCleanupHooks"/>
  </bean>

  <!-- CsTicket Stagnation action -->
  <alias name="defaultCSTicketStagnationAction" alias="csTicketStagnationAction"/>
  <bean id="defaultCSTicketStagnationAction" class="bt.batelco.core.retention.impl.DefaultCSTicketStagnationAction"
        parent="abstractExtensibleRemoveCleanupAction">
    <property name="itemCleanupHooks" ref="csTicketRetentionHooks"/>
    <property name="ticketBusinessService" ref="ticketBusinessService"/>
  </bean>
  <!--Email Context creation-->
  <alias alias="emailContextFactory" name="defaultEmailContextFactory"/>
  <bean id="defaultEmailContextFactory" parent="abstractHybrisVelocityContextFactory"
        class="de.hybris.platform.acceleratorservices.process.email.context.impl.DefaultEmailContextFactory">
    <property name="emailTemplateTranslationStrategy" ref="emailTemplateTranslationStrategy"/>
    <property name="emailContextVariables">
      <map merge="true">
        <entry key="commonResourceUrl" value="{baseThemeUrl}/_ui/responsive/common"/>
        <entry key="themeResourceUrl" value="{baseThemeUrl}/_ui/responsive/theme-{theme}"/>
      </map>
    </property>
  </bean>

  <alias alias="addressVerificationService" name="defaultAddressVerificationService"/>
  <bean id="defaultAddressVerificationService"
        class="de.hybris.platform.commerceservices.address.impl.DefaultAddressVerificationService"/>

  <alias alias="batelcoCustomerDao" name="defaultBatelcoCustomerDao"/>
  <bean id="defaultBatelcoCustomerDao" class="bt.batelco.core.customer.dao.impl.DefaultBatelcoCustomerDao"/>

  <!-- <alias alias="customerAccountService" name="defaultBatelcoCustomerAccountService"/> -->
  <alias alias="batelcoCustomerAccountService" name="defaultBatelcoCustomerAccountService"/>
  <bean id="defaultBatelcoCustomerAccountService"
        class="bt.batelco.core.customer.service.impl.DefaultBatelcoCustomerAccountService"
        parent="defaultCustomerAccountService">
    <property name="batelcoCustomerDao" ref="batelcoCustomerDao"/>
     <property name="orderService" ref="orderService"/>
  </bean>
  
 <alias name="batelcoOrderService" alias="orderService"/>
  <bean id="batelcoOrderService" class="bt.batelco.core.order.impl.DefaultBatelcoOrderService"
        parent="defaultOrderService">
    <property name="configService" ref="configProviderService"/>
    <property name="impersonationService" ref="impersonationService"/>
    <property name="submitOrderStrategies">
      <list>
        <!-- implementation that sends SubmitOrderEvent -->
        <ref bean="eventPublishingSubmitOrderStrategy"/>
      </list>
    </property>
  </bean>
  
  <bean id="facetSearchQueryBasicPopulator" class="de.hybris.platform.solrfacetsearch.search.impl.populators.FacetSearchQueryBasicPopulator"
        parent="abstractFacetSearchQueryPopulator">
    <property name="freeTextQueryBuilderFactory" ref="freeTextQueryBuilderFactory"/>
    <property name="defaultOperator" value="AND"/>
  </bean>


  <alias name="categoryBasedBpoGroupService" alias="bundledProductOfferingGroupService"/>
  <bean id="categoryBasedBpoGroupService" class="bt.batelco.core.service.impl.CategoryBasedBpoGroupService">
    <property name="categoryService" ref="categoryService"/>
    <property name="commerceCategoryService" ref="commerceCategoryService"/>
  </bean>

  <alias name="defaultBatelcoAddToCartMethodHook" alias="tmaPoAddToCartMethodHook"/>
  <bean id="defaultBatelcoAddToCartMethodHook" class="bt.batelco.core.hook.impl.BatelcoAddToCartMethodHook"
        parent="defaultTmaPoAddToCartMethodHook"/>

  <alias name="defaultBatelcoCartValidationMethoodHook" alias="batelcoCartValidationMethoodHook"/>
  <bean id="defaultBatelcoCartValidationMethoodHook"
        class="bt.batelco.core.cart.hook.BatelcoCartValidationMethodHook">
    <property name="categoryService" ref="categoryService"/>
    <property name="configProviderService" ref="configProviderService"/>
  </bean>

  <bean id="batelcoCartValidationMethoodHookListMergeDirective" depends-on="cartValidationHooks"
        parent="listMergeDirective">
    <property name="add" ref="batelcoCartValidationMethoodHook"/>
  </bean>

  <alias name="defaultBatelcoRecalculateCartChildrenHook" alias="batelcoRecalculateCartChildrenHook"/>
  <bean class="bt.batelco.core.cart.hook.BatelcoRecalculateCartChildrenHook" id="defaultBatelcoRecalculateCartChildrenHook">
    <property name="calculationService" ref="calculationService" />
    <property name="modelService" ref="modelService" />
  </bean>

  <bean id="batelcoRecalculateCartChildrenHookMergeDirective" depends-on="commerceCartCalculationMethodHooks" parent="listMergeDirective">
    <property name="add" ref="batelcoRecalculateCartChildrenHook" />
  </bean>


  <alias name="defaultBatelcoPriceService" alias="batelcoPriceCalculationService"/>
  <bean id="defaultBatelcoPriceService"
        class="bt.batelco.core.price.calculation.impl.DefaultBatelcoPriceCalculationService">
    <property name="defaultFindTaxValueInfoStrategy" ref="defaultFindTaxValueInfoStrategy"/>
    <property name="pdtEnumGroupsHelper" ref="pdtEnumGroupsHelper"/>
    <property name="netGrossStrategy" ref="netGrossStrategy"/>
  </bean>

  <alias name="batelcoSppAffectedProductConditionBuilder" alias="tmaSppAffectedProductConditionBuilder"/>
  <bean id="batelcoSppAffectedProductConditionBuilder"
        class="bt.batelco.core.price.dao.BatelcoSppAffectedProductConditionBuilder"/>

  <alias name="batelcoTmaPriceContextFactory" alias="tmaPriceContextFactory"/>
  <bean name="batelcoTmaPriceContextFactory"
        class="bt.batelco.core.price.context.impl.DefaultBatelcoPriceContextFactory"
        parent="defaultTmaPriceContextFactory"/>

  <alias name="batelcoCommercePriceService" alias="tmaCommercePriceService"/>
  <bean id="batelcoCommercePriceService" class="bt.batelco.core.price.service.impl.DefaultBatelcoCommercePriceService"
        parent="defaultTmaCommercePriceService">
    <property name="commercePriceService" ref="tmaCommercePriceService"/>
    <property name="sessionService" ref="sessionService"/>
    <property name="baseStoreService" ref="baseStoreService"/>
  </bean>

  <alias name="defaultBatelcoCartService" alias="cartService"/>
  <bean id="defaultBatelcoCartService" class="bt.batelco.core.cart.impl.DefaultBatelcoCartService"
        parent="defaultCartService">
    <property name="calculationService" ref="calculationService"/>
  </bean>

  <alias name="batelcoCartConfigService" alias="cartConfigService"/>
  <bean id="batelcoCartConfigService" class="bt.batelco.core.cart.impl.DefaultBatelcoCartConfigService">
    <property name="configProviderService" ref="configProviderService"/>
    <property name="cprFolderName" value="${batelco.cpr.mediaFolder}"/>
    <property name="acquisitionFolderName" value="${batelco.acquisitionForm.mediaFolder}"/>
    <property name="paymentEvidenceFolderName" value="${batelco.paymentEvidence.mediaFolder}"/>
    <property name="acquisitionFormatName" value="${batelco.acquisitionForm.format}"/>
    <property name="catalogName" value="${batelco.mediaCatalogName}"/>
    <property name="catalogVersion" value="${batelco.mediaCatalogVersion}"/>
  </bean>

  <alias name="defaultBatelcoCategoryService" alias="categoryService"/>
  <bean id="defaultBatelcoCategoryService" class="bt.batelco.core.category.impl.DefaultBatelcoCategoryService"
        parent="defaultTmaCategoryService">
    <property name="configurationService" ref="configurationService"/>
    <property name="configProviderService" ref="configProviderService"/>
  </bean>

  <alias name="defaultAbstractOrderInterceptor" alias="abstractOrderInterceptor"/>
  <bean id="defaultAbstractOrderInterceptor"
        class="bt.batelco.core.interceptors.order.AbstractOrderInterceptor" abstract="true">
    <property name="validationOrderForOrderStatuses" ref="validationOrderForOrderStatuses"/>
  </bean>

  <alias name="defaultOrderStockInterceptor" alias="orderStockInterceptor"/>
  <bean id="defaultOrderStockInterceptor" class="bt.batelco.core.interceptors.order.OrderStockInterceptor" parent="abstractOrderInterceptor">
    <property name="stockService" ref="stockService"/>
    <property name="categoryService" ref="categoryService"/>
    <property name="impersonationService" ref="impersonationService"/>
    <property name="modelService" ref="modelService"/>
  </bean>

  <bean id="orderStockPrepareMapping" class="de.hybris.platform.servicelayer.interceptor.impl.InterceptorMapping">
    <property name="interceptor" ref="orderStockInterceptor"/>
    <property name="typeCode" value="Order"/>
  </bean>

  <alias name="defaultOrderStatusPrepareInterceptor" alias="orderStatusPrepareInterceptor"/>
  <bean id="defaultOrderStatusPrepareInterceptor"
        class="bt.batelco.core.interceptors.order.OrderStatusPrepareInterceptor" parent="abstractOrderInterceptor">
    <property name="businessProcessService" ref="businessProcessService"/>
    <property name="eventService" ref="eventService"/>
  </bean>

  <bean id="orderStatusPrepareMapping" class="de.hybris.platform.servicelayer.interceptor.impl.InterceptorMapping">
    <property name="interceptor" ref="orderStatusPrepareInterceptor"/>
    <property name="typeCode" value="Order"/>
  </bean>

  <alias name="defaultAbstractOrderMediaRemoveInterceptor" alias="abstractOrderMediaRemoveInterceptor"/>
  <bean id="defaultAbstractOrderMediaRemoveInterceptor"
        class="bt.batelco.core.interceptors.order.AbstractOrderMediaRemoveInterceptor">
    <property name="modelService" ref="modelService"/>
  </bean>

  <bean id="abstractOrderMediaRemoveMapping"
        class="de.hybris.platform.servicelayer.interceptor.impl.InterceptorMapping">
    <property name="interceptor" ref="abstractOrderMediaRemoveInterceptor"/>
    <property name="typeCode" value="AbstractOrder"/>
  </bean>

  <alias name="defaultValidationOrderForOrderStatuses" alias="validationOrderForOrderStatuses"/>
  <util:map id="defaultValidationOrderForOrderStatuses">
    <entry>
      <key>
        <util:constant static-field="de.hybris.platform.core.enums.OrderStatus.CHECKED_VALID"/>
      </key>
      <util:list>
        <util:constant static-field="de.hybris.platform.core.enums.OrderStatus.CANCELLED"/>
        <util:constant static-field="de.hybris.platform.core.enums.OrderStatus.PROCESSING"/>
      </util:list>
    </entry>
    <entry>
      <key>
        <util:constant static-field="de.hybris.platform.core.enums.OrderStatus.PROCESSING"/>
      </key>
      <util:list>
        <util:constant static-field="de.hybris.platform.core.enums.OrderStatus.CANCELLED"/>
        <util:constant static-field="de.hybris.platform.core.enums.OrderStatus.PAID"/>
        <util:constant static-field="de.hybris.platform.core.enums.OrderStatus.DELIVERED"/>
        <util:constant static-field="de.hybris.platform.core.enums.OrderStatus.COMPLETED"/>
        <util:constant static-field="de.hybris.platform.core.enums.OrderStatus.PREORDER_COMPLETED"/>
        <util:constant static-field="de.hybris.platform.core.enums.OrderStatus.AWAITING_PAYMENT"/>
      </util:list>
    </entry>
    <entry>
      <key>
        <util:constant static-field="de.hybris.platform.core.enums.OrderStatus.AWAITING_PAYMENT"/>
      </key>
      <util:list>
        <util:constant static-field="de.hybris.platform.core.enums.OrderStatus.PAID"/>
        <util:constant static-field="de.hybris.platform.core.enums.OrderStatus.CANCELLED"/>
      </util:list>
    </entry>
    <entry>
      <key>
        <util:constant static-field="de.hybris.platform.core.enums.OrderStatus.PROCESSING_ERROR"/>
      </key>
      <util:list>
        <util:constant static-field="de.hybris.platform.core.enums.OrderStatus.CANCELLED"/>
        <util:constant static-field="de.hybris.platform.core.enums.OrderStatus.PROCESSING"/>
      </util:list>
    </entry>
    <entry>
      <key>
        <util:constant static-field="de.hybris.platform.core.enums.OrderStatus.PAID"/>
      </key>
      <util:list>
        <util:constant static-field="de.hybris.platform.core.enums.OrderStatus.CANCELLED"/>
        <util:constant static-field="de.hybris.platform.core.enums.OrderStatus.DELIVERED"/>
        <util:constant static-field="de.hybris.platform.core.enums.OrderStatus.COMPLETED"/>
      </util:list>
    </entry>
    <entry>
      <key>
        <util:constant static-field="de.hybris.platform.core.enums.OrderStatus.DELIVERED"/>
      </key>
      <util:list>
        <util:constant static-field="de.hybris.platform.core.enums.OrderStatus.CANCELLED"/>
        <util:constant static-field="de.hybris.platform.core.enums.OrderStatus.COMPLETED"/>
      </util:list>
    </entry>
    <entry>
      <key>
        <util:constant static-field="de.hybris.platform.core.enums.OrderStatus.COMPLETED"/>
      </key>
      <util:list>
        <util:constant static-field="de.hybris.platform.core.enums.OrderStatus.RETURNED"/>
        <util:constant static-field="de.hybris.platform.core.enums.OrderStatus.PARTIALLY_RETURNED"/>
      </util:list>
    </entry>
    <entry>
      <key>
        <util:constant static-field="de.hybris.platform.core.enums.OrderStatus.PREORDER_COMPLETED"/>
      </key>
      <util:list>
        <util:constant static-field="de.hybris.platform.core.enums.OrderStatus.RETURNED"/>
        <util:constant static-field="de.hybris.platform.core.enums.OrderStatus.PARTIALLY_RETURNED"/>
      </util:list>
    </entry>
    <entry>
      <key>
        <util:constant static-field="de.hybris.platform.core.enums.OrderStatus.CANCELLED"/>
      </key>
      <util:list>
      </util:list>
    </entry>
    <entry>
      <key>
        <util:constant static-field="de.hybris.platform.core.enums.OrderStatus.RETURNED"/>
      </key>
      <util:list>
      </util:list>
    </entry>
    <entry>
      <key>
        <util:constant static-field="de.hybris.platform.core.enums.OrderStatus.PARTIALLY_RETURNED"/>
      </key>
      <util:list>
      </util:list>
    </entry>
  </util:map>

  <util:map id="batelcoStatusDisplayMap">
    <entry key="CHECKED_VALID" value="checked_valid"/>
    <entry key="PROCESSING" value="processing"/>
    <entry key="CANCELLED" value="cancelled"/>
    <entry key="AWAITING_PAYMENT" value="awaiting_payment"/>
    <entry key="PAID" value="paid"/>
    <entry key="DELIVERED" value="delivered"/>
    <entry key="COMPLETED" value="completed"/>
    <entry key="RETURNED" value="returned"/>
    <entry key="PARTIALLY_RETURNED" value="partially_returned"/>
    <entry key="PREORDER_COMPLETED" value="preorder_completed"/>
  </util:map>

  <alias alias="dynamicAttributesOrderStatusDisplay" name="batelcoDynamicAttributesOrderStatusDisplayByMap"/>
  <bean id="batelcoDynamicAttributesOrderStatusDisplayByMap"
        class="de.hybris.platform.orderhandler.DynamicAttributesOrderStatusDisplayByMap">
    <property name="statusDisplayMap" ref="batelcoStatusDisplayMap"/>
    <property name="defaultStatus" value="checked_valid"/>
  </bean>

  <alias alias="stockService" name="defaultBatelcoStockService"/>
  <bean id="defaultBatelcoStockService" class="bt.batelco.core.stock.impl.DefaultBatelcoStockService"
        parent="defaultStockService">
    <property name="transactionTemplate" ref="transactionTemplate"/>
  </bean>


  <alias name="batelcoCommerceCartMergingStrategy" alias="commerceCartMergingStrategy"/>
  <bean class="bt.batelco.core.cart.strategy.DefaultBatelcoCommerceCartMergingStrategy"
        id="batelcoCommerceCartMergingStrategy" parent="defaultCommerceCartMergingStrategy">
      <property name="subscriptionCommerceCartService" ref="subscriptionCommerceCartService"/>
  </bean>

  <!-- Storefinder -->
  <alias name="defaultBatelcoStoreFinderService" alias="storeFinderService"/>
  <bean id="defaultBatelcoStoreFinderService"
        class="bt.batelco.core.storefinder.service.impl.DefaultBatelcoStoreFinderService"
        parent="defaultStoreFinderService"/>

  <alias name="batelcoCommercePlaceOrderMethodHook" alias="subscriptionCommercePlaceOrderMethodHook"/>
  <bean id="batelcoCommercePlaceOrderMethodHook" parent="defaultSubscriptionCommercePlaceOrderMethodHook"
        class="bt.batelco.core.order.hook.BatelcoCommercePlaceOrderMethodHook"/>

  <alias name="defaultBatelcoReserveOrderQuantityHook" alias="batelcoReserveOrderQuantityHook"/>
  <bean id="defaultBatelcoReserveOrderQuantityHook" class="bt.batelco.core.order.hook.BatelcoReserveOrderQuantityHook">
    <property name="stockService" ref="stockService"/>
    <property name="categoryService" ref="categoryService"/>
  </bean>

  <bean id="addBatelcoReserveOrderQuantityHookMergeDirective" depends-on="commercePlaceOrderMethodHooks" parent="listMergeDirective">
    <property name="add" ref="batelcoReserveOrderQuantityHook"/>
  </bean>

  <alias name="batelcoCommercePlaceOrderStrategy" alias="commercePlaceOrderStrategy"/>
  <bean id="batelcoCommercePlaceOrderStrategy" parent="defaultCommercePlaceOrderStrategy"
        class="bt.batelco.core.order.strategy.BatelcoCommercePlaceOrderStrategy"/>

  <alias name="defaultSubscriptionPricePlanBaseCodeResolver" alias="subscriptionPricePlanBaseCodeResolver"/>
  <bean id="defaultSubscriptionPricePlanBaseCodeResolver"
        class="bt.batelco.core.search.solrfacetsearch.provider.impl.SubscriptionPricePlanBaseCodeResolver"
        parent="abstractValueResolver">
    <property name="commercePriceService" ref="tmaCommercePriceService"/>
  </bean>

  <alias name="defaultSubscriptionPricePlanBaseNameResolver" alias="subscriptionPricePlanBaseNameResolver"/>
  <bean id="defaultSubscriptionPricePlanBaseNameResolver"
        class="bt.batelco.core.search.solrfacetsearch.provider.impl.SubscriptionPricePlanBaseNameResolver"
        parent="abstractValueResolver">
    <property name="commonI18NService" ref="commonI18NService"/>
    <property name="commercePriceService" ref="tmaCommercePriceService"/>
  </bean>

  <alias name="defaultSubscriptionPricePlanUrlResolver" alias="subscriptionPricePlanUrlResolver"/>
  <bean id="defaultSubscriptionPricePlanUrlResolver"
        class="bt.batelco.core.search.solrfacetsearch.provider.impl.SubscriptionPricePlanUrlProvider"
        parent="sppUrlProvider">
    <property name="commercePriceService" ref="tmaCommercePriceService"/>
  </bean>

  <bean name="sppMinimumChargeSource"
        class="bt.batelco.core.search.solrfacetsearch.resolver.impl.TmaMinimumChargeSource">
    <property name="commercePriceService" ref="tmaCommercePriceService"/>
  </bean>
  <bean name="sppMinimumChargeResolver"
        class="de.hybris.platform.b2ctelcoservices.compatibility.eligibility.solr.indexing.resolver.TmaChargeResolver">
    <property name="chargeSource" ref="sppMinimumChargeSource"/>
    <property name="rangeNameProvider" ref="rangeNameProvider"/>
    <property name="fieldNameProvider" ref="solrFieldNameProvider"/>
  </bean>

  <alias name="defaultPricePlanChargeChangeInterceptor" alias="pricePlanChargeChangeInterceptor"/>
  <bean id="defaultPricePlanChargeChangeInterceptor" class="bt.batelco.core.interceptors.price.PricePlanChargeChangeInterceptor">
    <property name="commercePriceService" ref="tmaCommercePriceService"/>
    <property name="sessionService" ref="sessionService"/>
  </bean>

  <bean id="pricePlanChargeChangePrepareMapping" class="de.hybris.platform.servicelayer.interceptor.impl.InterceptorMapping">
    <property name="interceptor" ref="pricePlanChargeChangeInterceptor"/>
    <property name="typeCode" value="SubscriptionPricePlan"/>
  </bean>

  <alias name="defaultOneTimePriceChangeInterceptor" alias="oneTimePriceChangeInterceptor"/>
  <bean id="defaultOneTimePriceChangeInterceptor" class="bt.batelco.core.interceptors.price.OneTimePriceChangeInterceptor">
    <property name="commercePriceService" ref="tmaCommercePriceService"/>
    <property name="sessionService" ref="sessionService"/>
  </bean>

  <alias name="disableCapableOneTimePriceChangeInterceptor" alias="oneTimePriceChangeInterceptor"/>
  <bean id="disableCapableOneTimePriceChangeInterceptor" class="bt.batelco.core.interceptors.DisableInterceptorInConfigWrapper">
    <property name="wrappedInterceptor" ref="defaultOneTimePriceChangeInterceptor"/>
    <property name="configurationService" ref="configurationService"/>
  </bean>

  <bean id="oneTimePriceChangePrepareMapping" class="de.hybris.platform.servicelayer.interceptor.impl.InterceptorMapping">
    <property name="interceptor" ref="oneTimePriceChangeInterceptor"/>
    <property name="typeCode" value="OneTimeChargeEntry"/>
  </bean>

  <alias name="defaultRecurringPriceChangeInterceptor" alias="recurringPriceChangeInterceptor"/>
  <bean id="defaultRecurringPriceChangeInterceptor" class="bt.batelco.core.interceptors.price.RecurringPriceChangeInterceptor">
    <property name="commercePriceService" ref="tmaCommercePriceService"/>
    <property name="sessionService" ref="sessionService"/>
  </bean>

  <bean id="recurringPriceChangePrepareMapping" class="de.hybris.platform.servicelayer.interceptor.impl.InterceptorMapping">
    <property name="interceptor" ref="recurringPriceChangeInterceptor"/>
    <property name="typeCode" value="RecurringChargeEntry"/>
  </bean>

  <bean name="tmaCategorySourceWithRoot"
        parent="defaultCategorySource"
        class="bt.batelco.core.service.impl.BaseProductTmaSppCategorySource">
    <property name="spoSource" ref="tmaSpoSource"/>
    <property name="rootCategory" value="1"/> <!-- '1' is the root icecat category -->
  </bean>

  <bean name="tmaCategorySourceWoRoot"
        parent="defaultCategorySource"
        class="bt.batelco.core.service.impl.BaseProductTmaSppCategorySource">
    <property name="spoSource" ref="tmaSpoSource"/>
  </bean>

  <bean name="tmaBrandCategorySource"
        parent="defaultCategorySource"
        class="bt.batelco.core.service.impl.BaseProductTmaSppCategorySource">
    <property name="spoSource" ref="tmaSpoSource"/>
    <property name="rootCategory" value="brands"/><!-- 'brands' is the root of the brands hierarchy -->
  </bean>

  <bean id="mainProductSubscriptionPricePlanAttribute" class="bt.batelco.core.price.service.MainProductSubscriptionPricePlanAttribute"/>
  <bean id="mainAffectedProductOfferingSubscriptionPricePlanAttribute" class="bt.batelco.core.price.service.MainAffectedProductOfferingSubscriptionPricePlanAttribute"/>

  <bean id="preorderProductAttributeHandler" class="bt.batelco.core.product.PreorderProductAttributeHandler"/>
  <bean id="preorderAtrributeHandler" class="bt.batelco.core.order.PreorderAtrributeHandler"/>

  <bean name="entryMergeFilterSubscription" class="bt.batelco.core.order.BatelcoEntryMergeFilterSubscription"/>

  <bean name="sppAllVariantsClassificationProvider"
        parent="sppClassificationProvider"
        class="bt.batelco.core.price.service.AllVariantsClassificationProvider">
  </bean>

  <alias alias="customerReviewService" name="batelcoCustomerReviewService"/>
  <bean id="batelcoCustomerReviewService" parent="defaultCustomerReviewService" class="bt.batelco.core.service.impl.BatelcoCustomerReviewService"/>

  <alias alias="productDao" name="defaultBatelcoProductDao"/>
  <alias alias="batelcoProductDao" name="defaultBatelcoProductDao"/>
  <bean id="defaultBatelcoProductDao" class="bt.batelco.core.product.dao.impl.DefaultBatelcoProductDao" parent="defaultProductDao"/>

  <alias name="batelcoProductService" alias="tmaPoService"/>
  <bean id="batelcoProductService" parent="defaultTmaPoService"
        class="bt.batelco.core.product.impl.DefaultBatelcoProductService" primary="true">
    <property name="batelcoProductDao" ref="batelcoProductDao"/>
  </bean>

  <alias name="batelcoSubscriptionTermService" alias="tmaSubscriptionTermService"/>
  <bean id="batelcoSubscriptionTermService"
        class="bt.batelco.core.product.impl.DefaultBatelcoSubscriptionTermService"
        parent="defaultTmaSubscriptionTermService">
  </bean>

  <alias alias="stockLevelDao" name="defaultBatelcoStockLevelDao"/>
  <bean id="defaultBatelcoStockLevelDao" class="bt.batelco.core.stock.dao.DefaultBatelcoStockLevelDao"
        parent="defaultStockLevelDao">
    <property name="typeService" ref="typeService"/>
    <property name="transactionTemplate">
      <bean class="org.springframework.transaction.support.TransactionTemplate">
        <property name="transactionManager" ref="txManager"/>
      </bean>
    </property>
    <property name="jdbcTemplate">
      <bean class="org.springframework.jdbc.core.JdbcTemplate">
        <property name="dataSource" ref="dataSource"/>
      </bean>
    </property>
  </bean>

  <alias name="batelcoCMSSiteService" alias="cmsSiteService"/>
  <bean id="batelcoCMSSiteService"
        parent="defaultCMSSiteService"
        class="bt.batelco.core.cms.impl.DefaultBatelcoCMSSiteService">
    <property name="configurationService" ref="configurationService"/>
  </bean>

  <alias name="defaultBatelcoConsentService" alias="commerceConsentService"/>
  <bean id="defaultBatelcoConsentService" class="bt.batelco.core.consent.impl.DefaultBatelcoConsentService"
        parent="defaultCommerceConsentService">
  </bean>

  <alias name="defaultPhoneNumberService" alias="phoneNumberService"/>
  <bean id="defaultPhoneNumberService" class="bt.batelco.core.phonenumber.impl.DefaultPhoneNumberService">
    <property name="configProviderService" ref="configProviderService"/>
  </bean>

  <bean id="batelcoPreorderValueProvider" parent="abstractSppProvider"
        class="bt.batelco.core.providers.BatelcoPreorderValueProvider"/>

  <bean id="abstractBatelcoImageProvider" parent="abstractSppImageValueProvider" abstract="true"
        class="bt.batelco.core.providers.BatelcoImageProvider"/>

  <bean name="batelcoSppImage515ValueProvider" parent="abstractBatelcoImageProvider">
    <property name="mediaFormat" value="515Wx515H"/>
  </bean>
  <bean name="batelcoSppImage300ValueProvider" parent="abstractBatelcoImageProvider">
    <property name="mediaFormat" value="300Wx300H"/>
  </bean>
  <bean name="batelcoSppImage96ValueProvider" parent="abstractBatelcoImageProvider">
    <property name="mediaFormat" value="96Wx96H"/>
  </bean>
  <bean name="batelcoSppImage65ValueProvider" parent="abstractBatelcoImageProvider">
    <property name="mediaFormat" value="65Wx65H"/>
  </bean>
  <bean name="batelcoSppImage30ValueProvider" parent="abstractBatelcoImageProvider">
    <property name="mediaFormat" value="30Wx30H"/>
  </bean>

  <alias name="batelcoRetrieveChannelStrategy" alias="defaultRetrieveChannelStrategy"/>
  <bean id="batelcoRetrieveChannelStrategy"
        class="bt.batelco.core.price.BatelcoRetrieveChannelStrategy" scope="tenant">
    <property name="enumerationService" ref="enumerationService"/>
  </bean>

  <alias name="batelcoCategoryModelUrlResolver" alias="categoryModelUrlResolver"/>
  <bean name="batelcoCategoryModelUrlResolver" parent="defaultCategoryModelUrlResolver">
    <property name="pattern" value="/c/{category-code}"/>
  </bean>

  <alias name="batelcoProductModelUrlResolver" alias="productModelUrlResolver"/>
  <bean name="batelcoProductModelUrlResolver" parent="defaultProductModelUrlResolver" class="bt.batelco.core.url.impl.BatelcoProductModelUrlResolver">
    <property name="defaultPattern" value="/p/{product-code}"/>
  </bean>

 <alias name="defaultBatelcoPaymentEligibilityService" alias="batelcoPaymentEligibilityService"/>
  <bean id="defaultBatelcoPaymentEligibilityService"
        class="bt.batelco.core.eligibility.service.impl.DefaultBatelcoPaymentEligibilityService">
    <property name="tmaBillingAccountService" ref="tmaBillingAccountService"/>
    <property name="configService" ref="configProviderService"/>
    <property name="orderService" ref="orderService"/>
  </bean>

 <alias name="defaultBatelcoTmaBillingAccountService" alias="tmaBillingAccountService"/>
  <bean id="defaultBatelcoTmaBillingAccountService" parent="defaultTmaBillingAccountService"
        class="bt.batelco.core.customer.service.impl.DefaultBatelcoTmaBillingAccountService" />

  <bean id="facebookFeedMediaUrlStrategy" class="bt.batelco.core.media.strategy.FacebookFeedMediaUrlStrategy">
  </bean>
	<!-- Email Related Process -->
	<bean id="UserOrderUpdateNotifictionProcessDefinitionResource"
		class="de.hybris.platform.processengine.definition.ProcessDefinitionResource">
		<property name="resource"
			value="classpath:/batelcocore/processes/userOrderUpdateNotificationEmailProcess.xml" />
	</bean>
	
	<alias alias="paymentModeService" name="defaultBatelcoPaymentModeService"/>
  <bean id="defaultBatelcoPaymentModeService"
        class="bt.batelco.core.order.service.impl.DefaultBatelcoPaymentModeService" parent="defaultPaymentModeService">
    <property name="batelcoPaymentModeDao" ref="paymentModeDao"/>
    </bean>
    
    <alias alias="paymentModeDao" name="defaultBatelcoPaymentModeDao"/>
  <bean id="defaultBatelcoPaymentModeDao" class="bt.batelco.core.order.dao.impl.DefaultBatelcoPaymentModeDao" parent="defaultPaymentModeDao"/>
    
</beans>