<?xml version="1.0" encoding="ISO-8859-1"?>
<!--
 [y] hybris Platform

 Copyright (c) 2018 SAP SE or an SAP affiliate company.  All rights reserved.

 This software is the confidential and proprietary information of SAP
 ("Confidential Information"). You shall not disclose such Confidential
 Information and shall use it only in accordance with the terms of the
 license agreement you entered into with SAP.
-->
<items xmlns:xsi="http://www.w3.org/2001/XMLSchema-instance" xsi:noNamespaceSchemaLocation="items.xsd">

  <collectiontypes>
    <collectiontype code="GenderList" elementtype="Gender" autocreate="true" generate="true" type="list"/>
    <collectiontype code="SwatchColorSet" elementtype="SwatchColorEnum" autocreate="true" generate="true"
                    type="set"/>
  </collectiontypes>

  <enumtypes>
    <enumtype generate="true" code="SwatchColorEnum" autocreate="true" dynamic="true">
      <value code="BLACK"/>
      <value code="BLUE"/>
      <value code="BROWN"/>
      <value code="GREEN"/>
      <value code="GREY"/>
      <value code="ORANGE"/>
      <value code="PINK"/>
      <value code="PURPLE"/>
      <value code="RED"/>
      <value code="SILVER"/>
      <value code="WHITE"/>
      <value code="YELLOW"/>
    </enumtype>

    <enumtype code="CustomerType" autocreate="false" generate="false">
      <value code="UNREGISTERED"/>
    </enumtype>

    <enumtype code="OrderStatus" autocreate="false">
      <value code="PROCESSING"/>
      <value code="PAID"/>
      <value code="PAID_OFFLINE"/>
      <value code="WAITING_ONLINE_PAYMENT"/>
      <value code="ONLINE_PAYMENT_EXPIRED"/>
      <value code="ONLINE_PAYMENT_SUCCESS"/>
      <value code="ONLINE_PAYMENT_FAILED"/>
      <value code="DELIVERED"/>
      <value code="RETURNED"/>
      <value code="PARTIALLY_RETURNED"/>
      <value code="PREORDER_COMPLETED"/>
      <value code="AWAITING_PAYMENT"/>
      <value code="PENDING"/>
    </enumtype>
    
          
     <enumtype code="DeliveryStatus" autocreate="false">
      <value code="PAID"/>
      <value code="READY_FOR_PICKUP"/>
      <value code="OUT_OF_DELIVERY"/>
      <value code="DELIVERY_CANCELLED"/>
      <value code="RETURN_AWAITING_APPROVAL"/>
      <value code="RETURN_APPROVED"/>
      <value code="RETURN_INITIATED"/>
      <value code="RETURNED"/>
      <value code="RETURNED_REJECTED_BATELCO"/>
      <value code="RETURNED_REJECTED_COURIER"/>
      <value code="DELIVERED"/>
    </enumtype>
    
     <enumtype code="CustomerIdType" autocreate="true" generate="true" dynamic="false">
	  <value code="CPR"/>
      <value code="CR_ID"/>
 	</enumtype>
 	
 	 <enumtype code="PaymentStatus" autocreate="false" >
            <value code="PAYMENT_NOT_INITIATED"/>
            <value code="PAYMENT_INITIATED"/>
            <value code="PAYMENT_CAPTURED"/>
        </enumtype>

 <enumtype code="SubscriptionBaseType" dynamic="false">
      <value code="PREPAID"/>
      <value code="POSTPAID"/>
      <value code="FIX"/>
      <value code="HYBRID"/>
    </enumtype>

<enumtype code="SubscriptionBaseStatus" dynamic="false">
      <value code="ACTIVE"/>
      <value code="INACTIVE"/>
      <value code="SUSPENDED"/>
    </enumtype>

    <enumtype code="BillingAccountStatus" dynamic="false">
      <value code="ACTIVE"/>
      <value code="INACTIVE"/>
      <value code="PROSPECT"/>
    </enumtype>

  </enumtypes>
  
  <relations>
    <relation code="StandardPaymentModeChildren" generate="true" localized="false" autocreate="true">
      <sourceElement qualifier="parent" type="StandardPaymentMode" cardinality="one"/>
      <targetElement qualifier="children" type="StandardPaymentMode" cardinality="many" collectiontype="list"
                     ordered="true">
      </targetElement>
    </relation>

    <relation code="Customer2TmaBillingAccount" localized="false">
      <sourceElement qualifier="customer" type="Customer" cardinality="one"/>
      <targetElement qualifier="billingAccounts" type="TmaBillingAccount" cardinality="many" collectiontype="set"/>
    </relation>

    <relation code="TmaBillingAccount2BillingProfile" localized="false">
      <sourceElement qualifier="billingAccount" type="TmaBillingAccount" cardinality="one"/>
      <targetElement qualifier="billingProfiles" type="BatelcoBillingProfile" cardinality="many" collectiontype="set"/>
    </relation>

    <relation code="TmaSubscriptionBase2BillingProfile" localized="false">
      <sourceElement qualifier="billingProfile" type="BatelcoBillingProfile" cardinality="one"/>
      <targetElement qualifier="subscriptionBases" type="TmaSubscriptionBase" cardinality="many" collectiontype="set"/>
    </relation>
  </relations>

  <itemtypes>

    <!-- Add your item definitions here -->

    <typegroup name="Batelco">
    
      <itemtype code="StandardPaymentMode" generate="false" autocreate="false">
        <attributes>
          <attribute qualifier="online" type="java.lang.Boolean">
            <persistence type="property"/>
            <defaultvalue>java.lang.Boolean.FALSE</defaultvalue>
            <modifiers optional="false" removable="false"/>
          </attribute>
          <attribute qualifier="paymentTypeId" type="java.lang.String">
            <description>Stores the payment type identifier sent to payment gateway.</description>
            <persistence type="property"/>
          </attribute>
        </attributes>
      </itemtype>
      
      <itemtype code="TmaSimpleProductOffering" generate="false" autocreate="false">
        <attributes>
          <attribute qualifier="documents" type="localized:MediaContainer">
            <description>Contains the localized documents.
            </description>
            <persistence type="property"/>
          </attribute>
          <attribute qualifier="defaultTmaPoVariant" type="TmaPoVariant">
            <persistence type="property"/>
          </attribute>
        </attributes>
      </itemtype>

      <itemtype code="Customer" autocreate="false" generate="false">
        <attributes>
          <attribute qualifier="firstName" type="java.lang.String">
            <persistence type="property"/>
          </attribute>
          <attribute qualifier="lastName" type="java.lang.String">
            <persistence type="property"/>
          </attribute>
          <attribute qualifier="cprId" type="java.lang.String">
            <persistence type="property"/>
          </attribute>
          
          <attribute qualifier="idType" type="CustomerIdType">
          	<description>Customer id type chosen by the customer during registration.</description>
            <persistence type="property"/>
          </attribute>
          
          <attribute qualifier="accountNumber" type="java.lang.String" >
            <description>Customer account number.</description>
            <modifiers unique="true"/>
            <persistence type="property" />
          </attribute>
          
        </attributes>
      </itemtype>

      <itemtype code="Product" generate="false" autocreate="false">
        <attributes>
          <attribute qualifier="vatDescription" type="localized:java.lang.String">
            <description>Localized VAT Description</description>
            <persistence type="property"/>
          </attribute>
          <attribute qualifier="preorderProduct" type="java.lang.Boolean">
            <persistence type="dynamic" attributeHandler="preorderProductAttributeHandler"/>
            <modifiers read="true" write="false"/>
            <defaultvalue>false</defaultvalue>
          </attribute>
          <attribute qualifier="slang" type="java.lang.String">
            <description>product code</description>
            <persistence type="property" />
            <modifiers unique="true" optional="false" initial="true" />
          </attribute>
        </attributes>
        <indexes>
          <index name="slangIndex" unique="true">
            <key attribute="slang"/>
            <key attribute="catalogVersion"/>
          </index>
        </indexes>
      </itemtype>

      <itemtype code="AbstractOrder" autocreate="false" generate="false">
        <attributes>
          <attribute qualifier="cprFront" type="Media">
            <modifiers read="true" write="true" search="true" optional="true"/>
            <persistence type="property"/>
          </attribute>
          <attribute qualifier="cprBack" type="Media">
            <modifiers read="true" write="true" search="true" optional="true"/>
            <persistence type="property"/>
          </attribute>
          <attribute qualifier="cprId" type="java.lang.String">
            <persistence type="property"/>
          </attribute>
          <attribute qualifier="paymentEvidence" type="Media">
            <persistence type="property"/>
          </attribute>
          <attribute qualifier="preorder" type="java.lang.Boolean">
            <persistence type="dynamic" attributeHandler="preorderAtrributeHandler"/>
            <modifiers read="true" write="false"/>
            <defaultvalue>false</defaultvalue>
          </attribute>
          <attribute qualifier="seibelOrderId" type="java.lang.String">
            <persistence type="property"/>
          </attribute>
          <attribute qualifier="deliveryPartnerName" type="java.lang.String">
            <persistence type="property"/>
          </attribute>
          <attribute qualifier="deliveryPartnerTrackingId" type="java.lang.String">
            <persistence type="property"/>
          </attribute>
          <attribute qualifier="deliveredDate" type="java.util.Date">
            <persistence type="property"/>
          </attribute>
          <attribute qualifier="remarks" type="java.lang.String">
            <persistence type="property"/>
          </attribute>
           <attribute qualifier="awaitingPaymentStartDate" type="java.util.Date">
            <description>Contains the date when order status was changed to awaiting payment.</description>
            <persistence type="property"/>
          </attribute>
           <attribute qualifier="outstandingAmount" type="java.lang.Double">
            <persistence type="property">
              <columntype>
                <value>java.math.BigDecimal</value>
              </columntype>
            </persistence>
            <defaultvalue>Double.valueOf(0.0d)</defaultvalue>
          </attribute>
        </attributes>
      </itemtype>

 <itemtype code="TmaBillingAccount" generate="false" autocreate="false">
        <attributes>
          <attribute qualifier="billingAccountStatus" type="BillingAccountStatus">
            <persistence type="property"/>
          </attribute>
        </attributes>
      </itemtype>

      <itemtype code="TmaSubscriptionBase" autocreate="false" generate="false">
        <attributes>
          <attribute qualifier="subscriptionBaseStatus" type="SubscriptionBaseStatus">
            <persistence type="property"/>
          </attribute>
          <attribute qualifier="subscriptionBaseType" type="SubscriptionBaseType">
            <persistence type="property"/>
          </attribute>
        </attributes>
      </itemtype>


 <itemtype code="BatelcoBillingProfile">
        <deployment table="batBillingProfile" typecode="30002"/>
        <attributes>
          <attribute qualifier="billingProfileId" type="java.lang.String">
            <persistence type="property"/>
          </attribute>
          <attribute qualifier="billingProfileName" type="java.lang.String">
            <persistence type="property"/>
          </attribute>
        </attributes>
      </itemtype>

      <itemtype code="AbstractOrderEntry" autocreate="false"
                generate="false">
        <attributes>
          <attribute qualifier="acquisitionForm" type="Media">
            <modifiers read="true" write="true" search="true"
                       optional="true"/>
            <persistence type="property"/>
          </attribute>
          <attribute qualifier="paymentInfo" type="BatelcoPaymentInfo">
            <persistence type="property"/>
          </attribute>
        </attributes>
      </itemtype>

<itemtype code="BatelcoPaymentInfo">
        <deployment table="BatelcoPaymentInfos" typecode="30003"/>
        <attributes>
          <attribute qualifier="serviceNumber" type="java.lang.String">
            <description>Represents the service number.</description>
            <persistence type="property"/>
          </attribute>
          <attribute qualifier="serviceType" type="SubscriptionBaseType">
            <description>Represents the service type.</description>
            <persistence type="property"/>
          </attribute>
          <attribute qualifier="serviceStatus" type="SubscriptionBaseStatus">
            <description>Represents the service status.</description>
            <persistence type="property"/>
          </attribute>
          <attribute qualifier="billProfile" type="java.lang.String">
            <description>Represents the bill profile.</description>
            <persistence type="property"/>
          </attribute>
          <attribute qualifier="accountNumber" type="java.lang.String">
            <description>Represents the account number.</description>
            <persistence type="property"/>
          </attribute>
          <attribute qualifier="accountStatus" type="BillingAccountStatus">
            <description>Represents the account status.</description>
            <persistence type="property"/>
          </attribute>
           <attribute qualifier="authcode" type="java.lang.String">
            <description>Represents the payment authentication code.</description>
            <persistence type="property"/>
          </attribute>
          <attribute qualifier="paymentRefNo" type="java.lang.String">
            <description>Represents the payment reference no.</description>
            <persistence type="property"/>
          </attribute>
          <attribute qualifier="status" type="java.lang.String">
            <description>Represents the payment status.</description>
            <persistence type="property"/>
          </attribute>
          <attribute qualifier="transactionNo" type="java.lang.String">
            <description>Represents the payment transactionNo.</description>
            <persistence type="property"/>
          </attribute>
          <attribute qualifier="transactionDateTime" type="java.util.Date">
            <description>Represents the payment transaction Date and Time.</description>
            <persistence type="property"/>
          </attribute>
           <attribute qualifier="totalAmount" type="java.lang.Double">
            <persistence type="property">
              <columntype>
                <value>java.math.BigDecimal</value>
              </columntype>
            </persistence>
            <defaultvalue>Double.valueOf(0.0d)</defaultvalue>
          </attribute>
           <attribute qualifier="failMsg" type="java.lang.String">
            <description>Represents the payment transactionNo.</description>
            <persistence type="property"/>
          </attribute>
           <attribute qualifier="paymentID" type="java.lang.String">
            <description>Represents the payment transactionNo.</description>
            <persistence type="property"/>
          </attribute>
           <attribute qualifier="paymentResponse" type="java.lang.String">
            <description>Represents the payment transactionNo.</description>
            <persistence type="property"/>
          </attribute>
          <attribute qualifier="paymentStatus" type="PaymentStatus">
            <description>Represents the payment status - Enum.</description>
            <persistence type="property"/>
          </attribute>
        </attributes>
      </itemtype>

 
      <itemtype code="Cart" autocreate="false" generate="false">
       <attributes>
        <attribute qualifier="batelcoPaymentInfo" type="BatelcoPaymentInfo">
            <description>Represents the batelco payment transactionNo.</description>
            <persistence type="property"/>
          </attribute>
       </attributes>
      </itemtype>

      <itemtype code="OrderStatusChangedProcess" jaloclass="bt.batelco.core.jalo.processes.OrderStatusChangedProcess"
                extends="OrderProcess">
        <attributes>
          <attribute qualifier="messageToCustomer" type="java.lang.String">
            <persistence type="property"/>
            <description>The message that will be send to the customer via email.</description>
          </attribute>
        </attributes>
      </itemtype>

      <itemtype code="CMSMediaLinkComponent" jaloclass="bt.batelco.core.jalo.CMSMediaLinkComponent"
                extends="CMSLinkComponent">
        <attributes>
          <attribute qualifier="media" type="Media">
            <persistence type="property"/>
            <description>Extends CMSLinkComponent to allow media</description>
          </attribute>
        </attributes>
      </itemtype>


      <itemtype code="SubscriptionPricePlan" autocreate="false" generate="false">
        <attributes>
          <attribute qualifier="mainProduct" type="Product">
            <persistence type="dynamic" attributeHandler="mainProductSubscriptionPricePlanAttribute"/>
            <modifiers partof="false" read="true" write="false"/>
          </attribute>
          <attribute qualifier="mainAffectedProductOffering" type="Product">
            <persistence type="dynamic" attributeHandler="mainAffectedProductOfferingSubscriptionPricePlanAttribute"/>
            <modifiers partof="false" read="true" write="false"/>
          </attribute>
        </attributes>
      </itemtype>

      <itemtype code="MediaVersion" jaloclass="bt.batelco.core.jalo.MediaVersion" generate="true" autocreate="true">
        <description>A</description>
        <deployment table="MediaVersion" typecode="30001"/>
        <attributes>
          <attribute qualifier="name" type="java.lang.String">
            <description>Media version name</description>
            <persistence type="property"/>
          </attribute>
          <attribute qualifier="media" type="Media">
            <persistence type="property"/>
            <description>Media</description>
          </attribute>
          <attribute qualifier="version" type="java.lang.Integer">
            <persistence type="property"/>
            <description>Version number</description>
          </attribute>
        </attributes>
        <indexes>
          <index name="mediaVersionIndex" unique="true">
            <key attribute="name"/>
            <key attribute="media"/>
            <key attribute="version"/>
          </index>
        </indexes>
      </itemtype>

      <itemtype code="ConsentTemplate" autocreate="false" generate="false">
        <attributes>
          <attribute qualifier="mediaVersion" type="MediaVersion">
            <persistence type="property"/>
            <description>media version</description>
          </attribute>
          <attribute qualifier="withdrawable" type="java.lang.Boolean">
            <persistence type="property"/>
            <description>Set to true, when consent can be withdrawn</description>
            <defaultvalue>Boolean.TRUE</defaultvalue>
          </attribute>
        </attributes>
      </itemtype>

      <itemtype code="Category" autocreate="false" generate="false">
        <attributes>
          <attribute qualifier="visible" type="java.lang.Boolean">
            <persistence type="property"/>
            <description>Flag to show or hide the category from the breadcrumb section</description>
            <defaultvalue>Boolean.TRUE</defaultvalue>
          </attribute>
          <attribute qualifier="title" type="localized:java.lang.String">
            <persistence type="property"/>
            <description>Attribute use for displaying the title of a category page</description>
          </attribute>
        </attributes>
      </itemtype>
      <itemtype code="ExportProductCronJob" extends="CronJob" jaloclass="com.batelco.core.jobs.jalo.ExportProductCronJob"
                autocreate="true" generate="true">
        <attributes>
          <attribute qualifier="facebookFeed" type="Media">
            <modifiers read="true" write="true" search="true" optional="true"/>
            <persistence type="property"/>
          </attribute>
          <attribute qualifier="catalogVersion" type="CatalogVersion">
            <description>CatalogVersion</description>
            <modifiers read="true" write="true" search="true" optional="false" unique="true"/>
            <persistence type="property"/>
          </attribute>
        </attributes>
      </itemtype>
    </typegroup>
  </itemtypes>
</items>
