<?xml version="1.0" encoding="UTF-8"?>
<!--
 [y] hybris Platform

 Copyright (c) 2018 SAP SE or an SAP affiliate company. All rights reserved.

 This software is the confidential and proprietary information of SAP
 ("Confidential Information"). You shall not disclose such Confidential
 Information and shall use it only in accordance with the terms of the
 license agreement you entered into with SAP.
-->
<beans:beans xmlns:beans="http://www.springframework.org/schema/beans"
             xmlns:xsi="http://www.w3.org/2001/XMLSchema-instance"
             xmlns="http://www.springframework.org/schema/security"
             xsi:schemaLocation="http://www.springframework.org/schema/security
           http://www.springframework.org/schema/security/spring-security.xsd
           http://www.springframework.org/schema/beans
           http://www.springframework.org/schema/beans/spring-beans.xsd">

  <http pattern="/static/**" security="none"/>

  <http pattern="/securityNone" security="none"/>
  <http use-expressions="true">
    <intercept-url pattern="/**" access="isAuthenticated()"/>
    <http-basic/>
    <csrf disabled="true"/>
  </http>

  <authentication-manager>
    <authentication-provider>
      <user-service>
        <user name="#{configurationService.configuration.getProperty('external.service.username')}"
              password="#{configurationService.configuration.getProperty('external.service.password')}"
              authorities="ROLE_USER"/>
      </user-service>
    </authentication-provider>
  </authentication-manager>

</beans:beans>
