<?xml version="1.0" encoding="UTF-8" standalone="yes"?>
<!--
 [y] hybris Platform

 Copyright (c) 2018 SAP SE or an SAP affiliate company.  All rights reserved.

 This software is the confidential and proprietary information of SAP
 ("Confidential Information"). You shall not disclose such Confidential
 Information and shall use it only in accordance with the terms of the
 license agreement you entered into with SAP.
-->
<config xmlns="http://www.hybris.com/cockpit/config"
        xmlns:na="http://www.hybris.com/cockpitng/config/notifications"
        xmlns:wz="http://www.hybris.com/cockpitng/config/wizard-config"
        xmlns:editorArea="http://www.hybris.com/cockpitng/component/editorArea"
        xmlns:explorer-tree="http://www.hybris.com/cockpitng/config/explorertree">

  <context merge-by="module" component="editorareaactions" type="Consignment">
    <y:actions xmlns:y="http://www.hybris.com/cockpit/config/hybris">
      <y:group qualifier="common">
        <y:label>actiongroup.common</y:label>
        <y:action action-id="bt.batelco.backoffice.actions.confirmpickupaction" property="currentObject"/>
      </y:group>
    </y:actions>
  </context>

  <!-- Notification Area-->
  <context component="notification-area">
    <na:notification-area>
      <na:notifications eventType="batelcobackoffice.confirmpickup.event" level="SUCCESS">
        <na:message>hmc.action.confirmpickup.success</na:message>
      </na:notifications>
    </na:notification-area>
  </context>

  <!--  Perspective-->
  <context principal="backofficeproductmanagergroup" component="perspective-view-switcher"
           module="pcmbackofficesamplesaddon">
    <y:view-switcher xmlns:y="http://www.hybris.com/cockpitng/config/viewSwitcher">
      <y:authority name="backofficeproductmanagergroup">
        <y:view id="hmc2"/>
        <y:view id="pcmbackoffice"/>
        <y:view id="adaptivesearch"/>
      </y:authority>
    </y:view-switcher>
  </context>
  <context principal="backofficeproductmanagergroup" component="perspective-chooser" module="pcmbackofficesamplesaddon">
    <y:perspective-chooser xmlns:y="http://www.hybris.com/cockpitng/config/perspectiveChooser">
      <y:defaultPerspective name="hmc2"/>
    </y:perspective-chooser>
  </context>
  <context principal="backofficeproducteditorgroup" component="perspective-view-switcher"
           module="pcmbackofficesamplesaddon">
    <y:view-switcher xmlns:y="http://www.hybris.com/cockpitng/config/viewSwitcher">
      <y:authority name="backofficeproducteditorgroup">
        <y:view id="hmc2"/>
        <y:view id="pcmbackoffice"/>
        <y:view id="adaptivesearch"/>
      </y:authority>
    </y:view-switcher>
  </context>
  <context principal="backofficeproducteditorgroup" component="perspective-chooser"
           module="pcmbackofficesamplesaddon">
    <y:perspective-chooser xmlns:y="http://www.hybris.com/cockpitng/config/perspectiveChooser">
      <y:defaultPerspective name="hmc2"/>
    </y:perspective-chooser>
  </context>

  <!-- Customer configuration -->
  <!-- Editor area configuration -->
  <context merge-by="type" parent="GenericItem" type="Product" component="editor-area">
    <editorArea:editorArea>
      <editorArea:essentials>
        <editorArea:essentialSection name="hmc.essential">
          <editorArea:attribute qualifier="code"/>
          <editorArea:attribute qualifier="name"/>
          <editorArea:attribute qualifier="catalogVersion"/>
          <editorArea:attribute qualifier="approvalStatus"/>
          <editorArea:attribute qualifier="slang"/>
        </editorArea:essentialSection>
      </editorArea:essentials>
      <editorArea:tab name="hmc.tab.product.properties">
        <editorArea:section name="hmc.product.descriptions">
          <editorArea:panel colspan="2" name="panel.proddescription" rowspan="2" merge-mode="remove"/>
        </editorArea:section>
      </editorArea:tab>
    </editorArea:editorArea>
  </context>

  <context merge-by="type" parent="Product" type="TmaProductOffering" component="create-wizard">
    <wz:flow id="ProductOfferingWizard" title="create.title(ctx.TYPE_CODE)">
      <wz:step id="step1" label="create.tmaproductoffering.essential.label"
               sublabel="create.tmaproductoffering.essential.sublabel">
        <wz:content id="step1.content">
          <wz:property-list root="newProduct">
            <wz:property qualifier="slang"/>
          </wz:property-list>
        </wz:content>
        <wz:navigation id="step1.navigation" merge-mode="replace">
          <wz:cancel/>
          <wz:next
              visible="!#empty(newProduct.slang) and !#empty(newProduct.code) and newProduct.catalogVersion != null"/>
        </wz:navigation>
      </wz:step>
    </wz:flow>
  </context>

  <context merge-by="type" type="GenericItem" principal="backofficeproductmanagergroup" component="editor-area"
           module="pcmbackoffice">
    <editorArea:editorArea>
      <editorArea:tab name="hmc.administration" position="99" merge-mode="append">
        <editorArea:section name="hmc.section.metadata">
          <editorArea:attribute qualifier="pk"/>
          <editorArea:attribute qualifier="itemtype"/>
          <editorArea:attribute qualifier="creationtime"/>
          <editorArea:attribute qualifier="modifiedtime"/>
          <editorArea:attribute qualifier="owner"/>
        </editorArea:section>
        <editorArea:section name="hmc.section.saved.values">
          <editorArea:attribute qualifier="savedValues"/>
        </editorArea:section>
        <editorArea:customSection name="hmc.unbound" spring-bean="unboundSectionRenderer"/>
        <editorArea:section name="hmc.section.copies">
          <editorArea:attribute qualifier="synchronizedCopies"/>
          <editorArea:attribute qualifier="synchronizationSources"/>
        </editorArea:section>
      </editorArea:tab>
    </editorArea:editorArea>
  </context>

  <context type="Customer" merge-by="type" parent="auto" component="editor-area">
    <editorArea:editorArea>
      <editorArea:tab name="hmc.tab.common" position="1">
        <editorArea:section name="hmc.properties">
          <editorArea:attribute qualifier="cprId"/>
        </editorArea:section>
      </editorArea:tab>
    </editorArea:editorArea>
  </context>

  <context type="AbstractOrder" component="editor-area" merge-by="type">
    <editorArea:editorArea name="">
      <editorArea:essentials>
        <editorArea:essentialSection name="hmc.essential">
          <editorArea:attribute qualifier="cprId"/>
          <editorArea:attribute qualifier="children"/>
          <editorArea:attribute qualifier="parent"/>
          <editorArea:attribute qualifier="status"/>
        </editorArea:essentialSection>
      </editorArea:essentials>
      <editorArea:tab name="tab.batelco" position="1">
        <editorArea:section name="section.media">
          <editorArea:attribute qualifier="cprFront"/>
          <editorArea:attribute qualifier="cprBack"/>
          <editorArea:attribute qualifier="paymentEvidence"/>
        </editorArea:section>
      </editorArea:tab>
      <editorArea:tab name="hmc.positions_and_prices" merge-mode="append">
        <editorArea:section name="hmc.positions">
          <editorArea:attribute qualifier="billingTime" merge-mode="append"/>
        </editorArea:section>
      </editorArea:tab>
    </editorArea:editorArea>
  </context>

  <context type="AbstractOrderEntry">
    <context component="editor-area" merge-by="type">
      <editorArea:editorArea name="">
        <editorArea:essentials>
          <editorArea:essentialSection name="hmc.essential">
            <editorArea:attribute qualifier="subscriptionInfo"/>
          </editorArea:essentialSection>
        </editorArea:essentials>
        <editorArea:tab name="tab.batelco" position="1">
          <editorArea:section name="section.media">
            <editorArea:attribute qualifier="acquisitionForm"/>
          </editorArea:section>
        </editorArea:tab>
      </editorArea:editorArea>
    </context>
  </context>

  <context merge-by="type" parent="GenericItem" type="TmaCartSubscriptionInfo" component="editor-area">
    <editorArea:editorArea name="">
      <editorArea:tab name="tab.general.subscriptionInfo" position="0">
        <editorArea:section name="hmc.essential">
          <editorArea:attribute qualifier="subscriberIdentity"/>
          <editorArea:attribute qualifier="subscriptionTerm"/>
        </editorArea:section>
      </editorArea:tab>
    </editorArea:editorArea>
  </context>

  <context type="TmaSimpleProductOffering" component="editor-area" merge-by="type" parent="TmaProductOffering">
    <context component="editor-area" merge-by="type">
      <editorArea:editorArea name="">
        <editorArea:tab name="hmc.tab.product.multimedia">
          <editorArea:section name="hmc.section.product.additionalmedias">
            <editorArea:attribute qualifier="documents"/>
          </editorArea:section>
        </editorArea:tab>
        <editorArea:tab name="hmc.tab.product.variants">
          <editorArea:section name="hmc.section.product.variants" merge-mode="append">
            <editorArea:attribute qualifier="defaultTmaPoVariant"/>
          </editorArea:section>
        </editorArea:tab>
      </editorArea:editorArea>
    </context>
  </context>

  <context type="TmaPoVariant" component="editor-area" merge-by="type" parent="TmaSimpleProductOffering">
    <context component="editor-area" merge-by="type">
      <editorArea:editorArea name="">
        <editorArea:tab name="hmc.tab.product.variants">
          <editorArea:section name="hmc.section.product.variants" merge-mode="remove">
            <editorArea:attribute qualifier="defaultTmaPoVariant" merge-mode="remove"/>
            <editorArea:attribute qualifier="tmaPoVariants" merge-mode="remove"/>
          </editorArea:section>
        </editorArea:tab>
      </editorArea:editorArea>
    </context>
  </context>

  <!--  Explorer Tree for order managers-->
  <!--
  INFO: If new nodes will be created in explorer tree we must add them here for removal
  -->
  <context merge-by="principal" component="explorer-tree" principal="backofficeordermanagergroup">
    <explorer-tree:explorer-tree>
      <explorer-tree:navigation-node id="backoffice_dashboard" merge-mode="remove"/>
      <explorer-tree:navigation-node id="hmc_backoffice-workflow-inbox" merge-mode="remove"/>
      <explorer-tree:navigation-node id="hmc_treenode_system" merge-mode="remove"/>
      <explorer-tree:navigation-node id="hmc_treenode_catalog" merge-mode="remove"/>
      <explorer-tree:navigation-node id="hmc_treenode_medias" merge-mode="remove"/>
      <explorer-tree:navigation-node id="hmc_treenode_user" merge-mode="remove"/>
      <explorer-tree:navigation-node id="hmc_treenode_pricesettings" merge-mode="remove"/>
      <explorer-tree:navigation-node id="hmc_treenode_c2l" merge-mode="remove"/>
      <explorer-tree:navigation-node id="hmc_treenode_marketing" merge-mode="remove"/>
      <explorer-tree:navigation-node id="hmc.group.basecommerce.deeplink" merge-mode="remove"/>
      <explorer-tree:navigation-node id="hmc_treenode_subscription" merge-mode="remove"/>
      <explorer-tree:navigation-node id="hmc.group.basecommerce" merge-mode="remove"/>
      <explorer-tree:navigation-node id="hmc.cms2" merge-mode="remove"/>
      <explorer-tree:navigation-node id="hmc.cockpit" merge-mode="remove"/>
      <explorer-tree:navigation-node id="backoffice.navigation-node.CustomerInventory" merge-mode="remove"/>
      <explorer-tree:navigation-node id="backoffice.navigation-node.TmaBpoPreConfig" merge-mode="remove"/>
      <explorer-tree:navigation-node id="cxnode" merge-mode="remove"/>

      <explorer-tree:navigation-node id="hmc_treenode_order">
        <explorer-tree:type-node id="hmc_typenode_quote" merge-mode="remove"/>
        <explorer-tree:type-node id="hmc_typenode_quoteentry" merge-mode="remove"/>
        <explorer-tree:type-node id="hmc_type_tree_orderhistoryentry" merge-mode="remove"/>
        <explorer-tree:type-node id="Consignment" merge-mode="remove"/>
        <explorer-tree:type-node id="ConsignmentEntry" merge-mode="remove"/>
        <explorer-tree:type-node id="FraudReport" merge-mode="remove"/>
      </explorer-tree:navigation-node>
    </explorer-tree:explorer-tree>
  </context>

  <context merge-by="principal" component="explorer-tree"
           principal="backofficeproducteditorgroup,backofficeproductmanagergroup">
    <explorer-tree:explorer-tree>
      <explorer-tree:navigation-node id="hmc_treenode_catalog" expanded-by-default="true">
        <explorer-tree:type-node code="Product" id="hmc_typenode_product" expanded-by-default="true"/>
        <explorer-tree:type-node code="Catalog" id="hmc_typenode_catalog" merge-mode="remove"/>
        <explorer-tree:type-node code="CatalogVersion" id="hmc_typenode_catalogversion" merge-mode="remove"/>
        <explorer-tree:type-node code="Category" id="hmc_typenode_category" merge-mode="remove"/>
        <explorer-tree:type-node code="VariantType" id="hmc_typenode_varianttype" merge-mode="remove"/>
        <explorer-tree:type-node code="Unit" id="hmc_typenode_unit" merge-mode="remove"/>
        <explorer-tree:type-node code="Keyword" id="hmc_typenode_keyword" merge-mode="remove"/>
        <explorer-tree:navigation-node id="hmc_treenode_classificationgroup" merge-mode="remove"/>
        <explorer-tree:navigation-node id="backoffice.navigation-node.ProductSpecification" merge-mode="remove"/>
        <explorer-tree:navigation-node id="backoffice.navigation-node.TmaCompatibilityPolicy" merge-mode="remove"/>
      </explorer-tree:navigation-node>

      <explorer-tree:navigation-node id="backoffice_dashboard" merge-mode="remove"/>
      <explorer-tree:navigation-node id="hmc_backoffice-workflow-inbox" merge-mode="remove"/>
      <explorer-tree:navigation-node id="hmc_treenode_system" merge-mode="remove"/>
      <explorer-tree:navigation-node id="hmc_treenode_order" merge-mode="remove"/>
      <explorer-tree:navigation-node id="hmc_treenode_medias" merge-mode="remove"/>
      <explorer-tree:navigation-node id="hmc_treenode_user" merge-mode="remove"/>
      <explorer-tree:navigation-node id="hmc_treenode_pricesettings" merge-mode="remove"/>
      <explorer-tree:navigation-node id="hmc_treenode_c2l" merge-mode="remove"/>
      <explorer-tree:navigation-node id="hmc_treenode_marketing" merge-mode="remove"/>
      <explorer-tree:navigation-node id="hmc.group.basecommerce.deeplink" merge-mode="remove"/>
      <explorer-tree:navigation-node id="hmc_treenode_subscription" merge-mode="remove"/>
      <explorer-tree:navigation-node id="hmc.group.basecommerce" merge-mode="remove"/>
      <explorer-tree:navigation-node id="hmc.cms2" merge-mode="remove"/>
      <explorer-tree:navigation-node id="hmc.cockpit" merge-mode="remove"/>
      <explorer-tree:navigation-node id="backoffice.navigation-node.CustomerInventory" merge-mode="remove"/>
      <explorer-tree:navigation-node id="backoffice.navigation-node.TmaBpoPreConfig" merge-mode="remove"/>
      <explorer-tree:navigation-node id="cxnode" merge-mode="remove"/>
    </explorer-tree:explorer-tree>
  </context>

  <context merge-by="type" parent="GenericItem" type="ConsentTemplate" component="editor-area">
    <editorArea:editorArea xmlns:editorArea="http://www.hybris.com/cockpitng/component/editorArea">
      <editorArea:tab name="hmc.properties">
        <editorArea:section name="hmc.common">
          <editorArea:attribute qualifier="mediaVersion"/>
          <editorArea:attribute qualifier="withdrawable"/>
        </editorArea:section>
      </editorArea:tab>
    </editorArea:editorArea>
  </context>

  <context merge-by="type" type="Category" component="create-wizard">
    <wz:flow id="CategoryWizard" title="create.title(ctx.TYPE_CODE)" xmlns:wz="http://www.hybris.com/cockpitng/config/wizard-config">
      <wz:step id="step1" label="name.your(Category)">
        <wz:content id="step1.content">
          <wz:property id="title" qualifier="newCategory.title" readonly="false"/>
        </wz:content>
      </wz:step>
    </wz:flow>
  </context>

  <context merge-by="type" parent="GenericItem" type="Category" component="editor-area">
    <editorArea:editorArea name="">
      <editorArea:essentials>
        <editorArea:essentialSection name="hmc.essential">
          <editorArea:attribute qualifier="title"/>
        </editorArea:essentialSection>
      </editorArea:essentials>
    </editorArea:editorArea>
  </context>

  <context merge-by="type" parent="CronJob" type="ExportProductCronJob" component="editor-area">
    <editorArea:editorArea name="">
      <editorArea:essentials>
        <editorArea:essentialSection name="hmc.essential">
          <editorArea:attribute qualifier="facebookFeed"/>
        </editorArea:essentialSection>
      </editorArea:essentials>
    </editorArea:editorArea>
  </context>

</config>
