<?xml version="1.0" encoding="utf-8"?>
<!--
 [y] hybris Platform

 Copyright (c) 2018 SAP SE or an SAP affiliate company.  All rights reserved.

 This software is the confidential and proprietary information of SAP
 ("Confidential Information"). You shall not disclose such Confidential
 Information and shall use it only in accordance with the terms of the
 license agreement you entered into with SAP.
-->
<process xmlns="http://www.hybris.de/xsd/processdefinition" start="checkOrder" name="order-process" processClass="de.hybris.platform.orderprocessing.model.OrderProcessModel">

	<action id="checkOrder" bean="checkOrderAction">
		<transition name="OK" to="sendOrderPlacedNotification"/>
		<transition name="NOK" to="error"/>
	</action>

	<action id="sendOrderPlacedNotification" bean="sendOrderPlacedNotificationAction">
		<transition name="OK" to="splitOrder"/>
	</action>

	<action id="splitOrder" bean="splitOrderAction">
		<transition name="OK" to="waitForChangingOrderStatus"/>
	</action>

	<wait id="waitForChangingOrderStatus" then="fulfilmentProcessCompleted" prependProcessCode="false">
		<event>${process.order.code}_FulfilmentProcessCompletedEvent</event>
	</wait>

	<action id="fulfilmentProcessCompleted" bean="fulfilmentProcessCompletedAction">
		<transition name="COMPLETED" to="success"/>
		<transition name="PREORDER_COMPLETED" to="success"/>
		<transition name="CANCELED" to="failed"/>
	</action>

	<end id="error" state="ERROR">All went wrong.</end>
	<end id="failed" state="FAILED">Order not placed.</end>
	<end id="success" state="SUCCEEDED">Order placed.</end>

</process>