<beans xmlns="http://www.springframework.org/schema/beans"
       xmlns:xsi="http://www.w3.org/2001/XMLSchema-instance"
       xsi:schemaLocation="http://www.springframework.org/schema/beans http://www.springframework.org/schema/beans/spring-beans.xsd">

  <!-- blacklist type set -->
  <alias name="defaultCmsStructureTypeBlacklistSet" alias="cmsStructureTypeBlacklistSet"/>
  <bean id="defaultCmsStructureTypeBlacklistSet" class="org.springframework.beans.factory.config.SetFactoryBean"
        parent="baseCmsStructureTypeBlacklistSet">
    <property name="sourceSet">
      <set>

        <!--COMPONENTS-->
        <value>AbstractBannerComponent</value>
        <value>AbstractCMSAction</value>
        <value>AbstractCMSComponent</value>
        <value>AbstractCMSComponentContainer</value>
        <value>AbstractMediaContainerComponent</value>
        <value>AbstractResponsiveBannerComponent</value>
        <value>ABTestCMSComponentContainer</value>
        <value>AccountBookmarkComponent</value>
        <value>AccountControlComponent</value>
        <value>AccountNavigationCollectionComponent</value>
        <value>AccountNavigationComponent</value>
        <value>AddToCartAction</value>
        <value>ApproveOrderAction</value>
        <value>AsmDevicesUsedComponent</value>
        <value>AsmFavoriteColorsComponent</value>
        <value>AssistedServiceComponent</value>
        <value>BreadcrumbComponent</value>
        <value>CancelOrderAction</value>
        <value>CartSuggestionComponent</value>
        <value>CategoryFeatureComponent</value>
        <value>CMSActionType</value>
        <value>CMSComponentType</value>
        <value>CMSImageComponent</value>
        <value>CMSProductListComponent</value>
        <value>CMSTabParagraphComponent</value>
        <value>CMSTabParagraphContainer</value>
        <value>CxCmsComponentContainer</value>
        <value>ComponentTypeGroup</value>
        <value>DynamicBannerComponent</value>
        <value>FlashComponent</value>
        <value>LanguageCurrencyComponent</value>
        <value>ListAddToCartAction</value>
        <value>ListAddToEntryGroupAction</value>
        <value>ListOrderFormAction</value>
        <value>ListPickUpInStoreAction</value>
        <value>NavigationBarCollectionComponent</value>
        <value>PickUpInStoreAction</value>
        <value>ProductAddToCartComponent</value>
        <value>ProductListComponent</value>
        <value>ProductDetailComponent</value>
        <value>ProductFeatureComponent</value>
        <value>ProductGridComponent</value>
        <value>ProductRefinementComponent</value>
        <value>ProductVariantSelectorComponent</value>
        <value>PurchasedCategorySuggestionComponent</value>
        <value>ReorderAction</value>
        <value>ReturnOrderAction</value>
        <value>SearchResultsListComponent</value>
        <value>SearchResultsGridComponent</value>
        <value>ShareOnSocialNetworkAction</value>
        <value>SimpleCMSAction</value>
        <value>SimpleCMSComponent</value>
        <value>SimpleSuggestionComponent</value>
        <value>StoreFinderComponent</value>
        <value>SubCategoryListComponent</value>
        <value>ViewOrderAction</value>
        <value>ViewStoreAction</value>

        <!--RESTRICTIONS-->
        <value>CMSUserRestriction</value>
        <value>CMSCatalogRestriction</value>
        <value>BtgSegmentRestriction</value>
        <value>CMSCampaignRestriction</value>
        <value>CMSInverseRestriction</value>
        <value>CMSBaseStoreTimeRestriction</value>
        <value>AssistedServiceSessionRestriction</value>
        <value>ASMCMSUserGroupRestriction</value>
        <value>CMSActionRestriction</value>
        <value>CMSUiExperienceRestriction</value>

      </set>
    </property>
  </bean>
</beans>