<?xml version="1.0" encoding="ISO-8859-1"?>
<!-- [y] hybris Platform Copyright (c) 2018 SAP SE or an SAP affiliate company. 
	All rights reserved. This software is the confidential and proprietary information 
	of SAP ("Confidential Information"). You shall not disclose such Confidential 
	Information and shall use it only in accordance with the terms of the license 
	agreement you entered into with SAP. -->
<!-- ATTENTION: This is just an example file. You have to edit it according 
	to your needs. -->

<beans xmlns:xsi="http://www.w3.org/2001/XMLSchema-instance"
	xsi:noNamespaceSchemaLocation="beans.xsd">

	<!-- Example Data POJO <bean class="bt.batelco.data.AbstractPojo" abstract="true"> 
		<property name="id" type="String"/> <property name="flag" type="boolean"/> 
		</bean> <bean class="bt.batelco.data.MyPojo" extends="bt.batelco.data.AbstractPojo"> 
		<property name="message" type="String"/> </bean> <bean class="bt.batelco.data.AnnotatedPojo"> 
		<import type="javax.xml.bind.annotation.XmlRootElement"/> <import type="javax.xml.bind.annotation.XmlElements"/> 
		<import type="javax.xml.bind.annotation.XmlElement"/> <annotations>@XmlRootElement</annotations> 
		<property name="someText" type="String"> <annotations scope="getter"> @XmlElements(value 
		= { @XmlElement(name="map", type=ValueAsMap.class), @XmlElement(name="string", 
		type=ValueAsString.class) }) </annotations> </property> </bean> <bean class="de.hybris.platform.catalog.data.Equals1"> 
		<property name="a1" type="boolean" equals="true"/> <property name="a2" type="int" 
		equals="true"/> <property name="a3" type="String" equals="true"/> <property 
		name="a4" type="de.hybris.platform.catalog.data.AbstractValue" equals="true"/> 
		<property name="not4Equals" type="java.lang.Double"/> </bean> <bean class="de.hybris.platform.catalog.data.Equals2" 
		extends="de.hybris.platform.catalog.data.Equals1" superEquals="true"> <property 
		name="a5" type="java.lang.Integer" equals="true"/> <property name="a6" type="java.util.List" 
		equals="true"/> <property name="not4Equals" type="java.lang.Double"/> </bean> -->

	<enum class="bt.batelco.service.payment.utils.BTCardType">
		<value>CREDIT</value>
		<value>DEBIT</value>
	</enum>
	
	<bean class="bt.batelco.service.payment.data.PaymentCartItem">
		<property name="AccountNumber" type="java.lang.Double"/>
		<property name="AccountStatus" type="java.lang.String"/>
		<property name="AccountSubNo" type="java.lang.Double"/>
		<property name="Amount" type="java.lang.Float"/>
		<property name="SubType" type="java.lang.String"/>
		<property name="TelNo" type="java.lang.Double"/>
		<property name="TelStatus" type="java.lang.String"/>
		<property name="Type" type="java.lang.String"/>
		
	</bean>

	<bean class="bt.batelco.service.payment.data.initPaymentRequest"
		extends="de.hybris.platform.acceleratorservices.payment.data.HostedOrderPageRequest">
		
		<property name="CardType" type="bt.batelco.service.payment.utils.BTCardType"/>
		<property name="Channel" type="java.lang.String"/>
		<property name="Username" type="java.lang.String"/>
		<property name="Password" type="java.lang.String"/>
		<property name="CustomerID" type="java.lang.String"/>
		<property name="CustomerIDType" type="java.lang.String"/>
		<property name="CustomerName" type="java.lang.String"/>
		<property name="PaymentCartItem" type="java.util.List&lt;bt.batelco.service.payment.data.PaymentCartItem>"/>
		<property name="PaymentConfig" type="java.lang.String"/>
		<property name="PaymentID" type="java.lang.String"/>
		<property name="PaymentMode" type="java.lang.String"/>
		<property name="PaymentType" type="java.lang.String"/>
		<property name="PaymentSource" type="java.lang.String"/>
		<property name="PaymentTotalAmount" type="java.lang.String"/>
		<property name="RedirectErrorURL" type="java.lang.String"/>
		<property name="RedirectURL" type="java.lang.String"/>
		<property name="TransUniqueID" type="java.lang.String"/>
		<property name="customerIP" type="java.lang.String"/>
		<property name="isLoggedIn" type="boolean" equals="true"/>
		</bean>


</beans>
