<?xml version="1.0" encoding="utf-8"?><testclasses><batelcocore><testclass>bt.batelco.core.job.CustomersWithOrdersRetentionCronJobIntegrationTest</testclass><testclass>bt.batelco.core.job.TicketsRetentionCronJobIntegrationTest</testclass><testclass>bt.batelco.core.retention.impl.DefaultCSTicketStagnationActionTest</testclass><testclass>bt.batelco.core.actions.quote.MarkQuoteNotificationAsSentActionTest</testclass><testclass>bt.batelco.core.suggestion.DefaultSimpleSuggestionServiceIntegrationTest</testclass><testclass>bt.batelco.core.retention.impl.DefaultCustomerCleanupRelatedObjectsActionTest</testclass><testclass>bt.batelco.core.suggestion.impl.DefaultSimpleSuggestionServiceTest</testclass><testclass>bt.batelco.core.job.OrdersRetentionCronJobIntegrationTest</testclass><testclass>bt.batelco.core.job.QuoteToExpireSoonJobPerformableTest</testclass><testclass>bt.batelco.core.comparators.VolumeAwarePriceInformationComparatorTest</testclass><testclass>bt.batelco.core.externaltax.mock.MockCalculateExternalTaxesStrategy</testclass><testclass>bt.batelco.core.job.CustomersWithoutOrdersRetentionCronJobIntegrationTest</testclass><testclass>bt.batelco.core.job.QuoteExpiredJobPerformableTest</testclass><testclass>bt.batelco.core.integration.CheckoutWithExternalTaxesIntegrationTest</testclass></batelcocore></testclasses>